size,style,index,row,column,width,height,alpha_bounds,sha256,path
Large tiles,Thick outline,0,0,0,32,32,"(0, 0, 32, 32)",4d9932760df71ebb427d840bd916ae42fb2c053533c45e9ddceb0a6040809638,Assets/Art/Kenney/PixelAdventureUI/Tiles/Large tiles/Thick outline/tile_0000.png
Large tiles,Thick outline,1,0,1,32,32,"(0, 0, 32, 32)",7f2eaf73df97940befafaec6681dbfdac9f972200e03668323c0d8820eec30d5,Assets/Art/Kenney/PixelAdventureUI/Tiles/Large tiles/Thick outline/tile_0001.png
Large tiles,Thick outline,2,0,2,32,32,"(0, 0, 32, 32)",a45ade41c60a5977345f98107f297a451c1a1a316ec04a5798ce438c6bd6bd86,Assets/Art/Kenney/PixelAdventureUI/Tiles/Large tiles/Thick outline/tile_0002.png
Large tiles,Thick outline,3,0,3,32,32,"(0, 0, 32, 32)",88d85f33b7eac48489883a60187b3adeabdbd0ab73626065d007a4f1bfe3444b,Assets/Art/Kenney/PixelAdventureUI/Tiles/Large tiles/Thick outline/tile_0003.png
Large tiles,Thick outline,4,0,4,32,32,"(0, 0, 32, 32)",46b5fe7f5c17387523ba0f0a16d0353a5417c750c6931713f1450c36172e89fe,Assets/Art/Kenney/PixelAdventureUI/Tiles/Large tiles/Thick outline/tile_0004.png
Large tiles,Thick outline,5,0,5,32,32,"(0, 0, 32, 32)",87331174acf482d6eaafdbc992b92913d277be986ee71e80d07ed97db8e2afe8,Assets/Art/Kenney/PixelAdventureUI/Tiles/Large tiles/Thick outline/tile_0005.png
Large tiles,Thick outline,6,0,6,32,32,"(0, 0, 32, 32)",08fb97b7373ccd14e171beca119b4d57636fa50b1eb509530b4a3eb86082ed1a,Assets/Art/Kenney/PixelAdventureUI/Tiles/Large tiles/Thick outline/tile_0006.png
Large tiles,Thick outline,7,0,7,32,32,"(0, 0, 32, 32)",6644246698aad5ada38824ab86a9f0ea70f21e586367ce9c8da51c004cb8a680,Assets/Art/Kenney/PixelAdventureUI/Tiles/Large tiles/Thick outline/tile_0007.png
Large tiles,Thick outline,8,0,8,32,32,"(0, 0, 32, 32)",1c31c70059b4a96e77f9338e757a65f8d27f270a99e4c4e4583d701d73d964d8,Assets/Art/Kenney/PixelAdventureUI/Tiles/Large tiles/Thick outline/tile_0008.png
Large tiles,Thick outline,9,0,9,32,32,"(0, 0, 32, 32)",07c444d7f389f8c09052af90ab460f40b643100cf5b91b19060748eb2ab7cb89,Assets/Art/Kenney/PixelAdventureUI/Tiles/Large tiles/Thick outline/tile_0009.png
Large tiles,Thick outline,10,0,10,32,32,None,37beabe871ded30cbc18ff4c373df256a6f34b86c3a3180e59604f8486b74c04,Assets/Art/Kenney/PixelAdventureUI/Tiles/Large tiles/Thick outline/tile_0010.png
Large tiles,Thick outline,11,0,11,32,32,None,37beabe871ded30cbc18ff4c373df256a6f34b86c3a3180e59604f8486b74c04,Assets/Art/Kenney/PixelAdventureUI/Tiles/Large tiles/Thick outline/tile_0011.png
Large tiles,Thick outline,12,0,12,32,32,None,37beabe871ded30cbc18ff4c373df256a6f34b86c3a3180e59604f8486b74c04,Assets/Art/Kenney/PixelAdventureUI/Tiles/Large tiles/Thick outline/tile_0012.png
Large tiles,Thick outline,13,1,0,32,32,"(0, 0, 32, 32)",14ec5456270849adf3b58c6802e9ec0d009af297a86e6332d34a7deda15efaf2,Assets/Art/Kenney/PixelAdventureUI/Tiles/Large tiles/Thick outline/tile_0013.png
Large tiles,Thick outline,14,1,1,32,32,"(0, 0, 32, 32)",b1689552a9f3b3f437f75bbbdf16c8891848908023e4bc88864c1b1af2ab39e5,Assets/Art/Kenney/PixelAdventureUI/Tiles/Large tiles/Thick outline/tile_0014.png
Large tiles,Thick outline,15,1,2,32,32,"(0, 0, 32, 32)",788cd77122dc4b286e23313088a60fbf0cf047422ca8159c1a5b92b603ca0928,Assets/Art/Kenney/PixelAdventureUI/Tiles/Large tiles/Thick outline/tile_0015.png
Large tiles,Thick outline,16,1,3,32,32,"(0, 0, 32, 32)",d149c30d62ac9e73504d8391317ec633cbb9650fdd59188a4702b793fdebea69,Assets/Art/Kenney/PixelAdventureUI/Tiles/Large tiles/Thick outline/tile_0016.png
Large tiles,Thick outline,17,1,4,32,32,"(0, 0, 32, 32)",7fb41dcad7535991135527e7efcd4d31ae8a51ad4ac7e5f20d4f4e06744efcb4,Assets/Art/Kenney/PixelAdventureUI/Tiles/Large tiles/Thick outline/tile_0017.png
Large tiles,Thick outline,18,1,5,32,32,"(0, 0, 32, 32)",f9cac841f7058655503c42e2df72793f48ff3ec3248f5f3dd8542d3c6b3b77e0,Assets/Art/Kenney/PixelAdventureUI/Tiles/Large tiles/Thick outline/tile_0018.png
Large tiles,Thick outline,19,1,6,32,32,"(0, 0, 32, 32)",81b090629f720a3b8ef1e080e36694f2493d69c026957b9b4dab7acd9b6f73c6,Assets/Art/Kenney/PixelAdventureUI/Tiles/Large tiles/Thick outline/tile_0019.png
Large tiles,Thick outline,20,1,7,32,32,"(0, 0, 32, 32)",f802f755b62cb41d4ae12a0f44bccd1486039d70f772d53b6d38c27d8b4e4118,Assets/Art/Kenney/PixelAdventureUI/Tiles/Large tiles/Thick outline/tile_0020.png
Large tiles,Thick outline,21,1,8,32,32,"(0, 0, 32, 32)",7b57d307099e256fed4e14bc62ae2a83e75d9f208c981695f20919915cb41c5d,Assets/Art/Kenney/PixelAdventureUI/Tiles/Large tiles/Thick outline/tile_0021.png
Large tiles,Thick outline,22,1,9,32,32,"(0, 0, 32, 32)",b86567aa265b19097c83aeb33722bbfd37a1846da6100f3dc3fa605edcc274cb,Assets/Art/Kenney/PixelAdventureUI/Tiles/Large tiles/Thick outline/tile_0022.png
Large tiles,Thick outline,23,1,10,32,32,None,37beabe871ded30cbc18ff4c373df256a6f34b86c3a3180e59604f8486b74c04,Assets/Art/Kenney/PixelAdventureUI/Tiles/Large tiles/Thick outline/tile_0023.png
Large tiles,Thick outline,24,1,11,32,32,None,37beabe871ded30cbc18ff4c373df256a6f34b86c3a3180e59604f8486b74c04,Assets/Art/Kenney/PixelAdventureUI/Tiles/Large tiles/Thick outline/tile_0024.png
Large tiles,Thick outline,25,1,12,32,32,None,37beabe871ded30cbc18ff4c373df256a6f34b86c3a3180e59604f8486b74c04,Assets/Art/Kenney/PixelAdventureUI/Tiles/Large tiles/Thick outline/tile_0025.png
Large tiles,Thick outline,26,2,0,32,32,"(0, 0, 32, 32)",77dae6d1465b9439f26dcfc751434da335a7f29f16108b354a9d4250cea75588,Assets/Art/Kenney/PixelAdventureUI/Tiles/Large tiles/Thick outline/tile_0026.png
Large tiles,Thick outline,27,2,1,32,32,"(0, 0, 32, 32)",e46aada61add8ca574d6d16b9c08b6f928952e2dacf0f43669e1f0a4822323a7,Assets/Art/Kenney/PixelAdventureUI/Tiles/Large tiles/Thick outline/tile_0027.png
Large tiles,Thick outline,28,2,2,32,32,"(0, 0, 32, 32)",8ec464b013d0724ec8f226e7799af0faf4eb16d36b9aef0a2c7dbb4d4a774106,Assets/Art/Kenney/PixelAdventureUI/Tiles/Large tiles/Thick outline/tile_0028.png
Large tiles,Thick outline,29,2,3,32,32,"(0, 0, 32, 32)",eae4971659497f26377ee89ea6c7b5087817dff64117997cc72b6fbb6fe8c1be,Assets/Art/Kenney/PixelAdventureUI/Tiles/Large tiles/Thick outline/tile_0029.png
Large tiles,Thick outline,30,2,4,32,32,"(0, 0, 32, 32)",693370a93d6dcea066ddcfac9ec9609ef05d41e2e668bd2bc9fe973d76b42584,Assets/Art/Kenney/PixelAdventureUI/Tiles/Large tiles/Thick outline/tile_0030.png
Large tiles,Thick outline,31,2,5,32,32,"(0, 0, 32, 32)",ac0e4de28caa92e2acd4ebf74bfbd39617e5f007ac4dc5be0e5dc9bf8b1d0a33,Assets/Art/Kenney/PixelAdventureUI/Tiles/Large tiles/Thick outline/tile_0031.png
Large tiles,Thick outline,32,2,6,32,32,"(0, 0, 32, 32)",134515de9548eafee0af4af0743eacf8af5c68d52b3843f801314620a4401ff0,Assets/Art/Kenney/PixelAdventureUI/Tiles/Large tiles/Thick outline/tile_0032.png
Large tiles,Thick outline,33,2,7,32,32,"(0, 0, 32, 32)",b6e2a3ee9929aa1d00c8192314f53c2ed75a58817547b839f6d5b077503f21f2,Assets/Art/Kenney/PixelAdventureUI/Tiles/Large tiles/Thick outline/tile_0033.png
Large tiles,Thick outline,34,2,8,32,32,"(0, 0, 32, 32)",2559dbf77e065a9c7192c47b79923fc9ae93bb00e3eb5571b094ff1ac203a27a,Assets/Art/Kenney/PixelAdventureUI/Tiles/Large tiles/Thick outline/tile_0034.png
Large tiles,Thick outline,35,2,9,32,32,"(0, 0, 32, 32)",28a8e91377d9dcc059db52cbbcb5fc180fe2ece99de54a50cbc92cf4a356d303,Assets/Art/Kenney/PixelAdventureUI/Tiles/Large tiles/Thick outline/tile_0035.png
Large tiles,Thick outline,36,2,10,32,32,None,37beabe871ded30cbc18ff4c373df256a6f34b86c3a3180e59604f8486b74c04,Assets/Art/Kenney/PixelAdventureUI/Tiles/Large tiles/Thick outline/tile_0036.png
Large tiles,Thick outline,37,2,11,32,32,None,37beabe871ded30cbc18ff4c373df256a6f34b86c3a3180e59604f8486b74c04,Assets/Art/Kenney/PixelAdventureUI/Tiles/Large tiles/Thick outline/tile_0037.png
Large tiles,Thick outline,38,2,12,32,32,None,37beabe871ded30cbc18ff4c373df256a6f34b86c3a3180e59604f8486b74c04,Assets/Art/Kenney/PixelAdventureUI/Tiles/Large tiles/Thick outline/tile_0038.png
Large tiles,Thick outline,39,3,0,32,32,"(2, 2, 30, 30)",51dfcb6e444951b65a8995e5ceaede8716b099badf8cb8f25b90412ccbda2874,Assets/Art/Kenney/PixelAdventureUI/Tiles/Large tiles/Thick outline/tile_0039.png
Large tiles,Thick outline,40,3,1,32,32,"(2, 2, 30, 30)",bca3bdebfa85c076e4b9cc3778fefad7132e32a7ac4f09e16a7c902db7f96cd4,Assets/Art/Kenney/PixelAdventureUI/Tiles/Large tiles/Thick outline/tile_0040.png
Large tiles,Thick outline,41,3,2,32,32,"(2, 2, 30, 30)",9ab1519406670a6eeb491324c931227cdf15b807e539b94f9ab097cbe9c9a8e9,Assets/Art/Kenney/PixelAdventureUI/Tiles/Large tiles/Thick outline/tile_0041.png
Large tiles,Thick outline,42,3,3,32,32,"(2, 2, 30, 30)",b4a919dd9ea295d647b0e27d2abc5c498be864ad3b4a10473c8e6f464ff84899,Assets/Art/Kenney/PixelAdventureUI/Tiles/Large tiles/Thick outline/tile_0042.png
Large tiles,Thick outline,43,3,4,32,32,"(0, 1, 32, 30)",0c8cd4bb4709b7bc386b7e625c637582dee3be10af34efa6f6aa1597d416db27,Assets/Art/Kenney/PixelAdventureUI/Tiles/Large tiles/Thick outline/tile_0043.png
Large tiles,Thick outline,44,3,5,32,32,"(0, 6, 32, 31)",18f22aca8ff588c1434772f49942855417895d2de0f918ef38e24be15e3e8d90,Assets/Art/Kenney/PixelAdventureUI/Tiles/Large tiles/Thick outline/tile_0044.png
Large tiles,Thick outline,45,3,6,32,32,"(0, 1, 32, 30)",fe2742283296382b10210d939de451e5447ff8e87483871c2f4f15efc89216df,Assets/Art/Kenney/PixelAdventureUI/Tiles/Large tiles/Thick outline/tile_0045.png
Large tiles,Thick outline,46,3,7,32,32,"(0, 0, 32, 32)",0d5c79e67697dce5c86b12e5cf1cbd571bd878f0ec84c5fcad1a75ae0d5515e2,Assets/Art/Kenney/PixelAdventureUI/Tiles/Large tiles/Thick outline/tile_0046.png
Large tiles,Thick outline,47,3,8,32,32,"(0, 0, 32, 32)",b567f1dff091f1c59f1036d10993a4cb0c4e9669a9b021eacec66d5841ec067d,Assets/Art/Kenney/PixelAdventureUI/Tiles/Large tiles/Thick outline/tile_0047.png
Large tiles,Thick outline,48,3,9,32,32,"(0, 0, 32, 32)",e6d94fe6a734189e14c45cb0b582dbbc5b0da240b6da3de066c911c90251c862,Assets/Art/Kenney/PixelAdventureUI/Tiles/Large tiles/Thick outline/tile_0048.png
Large tiles,Thick outline,49,3,10,32,32,"(0, 0, 32, 32)",25ef52d8f96b61114638bcb4df67577a56a534350d99e25406dbd0554bb0659d,Assets/Art/Kenney/PixelAdventureUI/Tiles/Large tiles/Thick outline/tile_0049.png
Large tiles,Thick outline,50,3,11,32,32,"(0, 0, 32, 32)",dab2535efc1e812e644d6ff6568c42e746d66f62578598e33194bfc7f843d90e,Assets/Art/Kenney/PixelAdventureUI/Tiles/Large tiles/Thick outline/tile_0050.png
Large tiles,Thick outline,51,3,12,32,32,"(0, 0, 32, 32)",a47a29a6da1c3c0a446b546bb090ddfc787a4319d0aee08adcf4e2b7b756b2a3,Assets/Art/Kenney/PixelAdventureUI/Tiles/Large tiles/Thick outline/tile_0051.png
Large tiles,Thick outline,52,4,0,32,32,"(2, 2, 30, 30)",6afdd2bf250e36b575e18e24a2b7cfd0c4f2fccfdee1642adee74c90747236cb,Assets/Art/Kenney/PixelAdventureUI/Tiles/Large tiles/Thick outline/tile_0052.png
Large tiles,Thick outline,53,4,1,32,32,"(2, 2, 30, 30)",2b4fdf80f9582ae78ac4ea894ee473f22a21c6b5d0ec8f86e66b0076625e1d4d,Assets/Art/Kenney/PixelAdventureUI/Tiles/Large tiles/Thick outline/tile_0053.png
Large tiles,Thick outline,54,4,2,32,32,"(2, 2, 30, 30)",dc7982ee0c51e6afc36f04e61a8d2e1d929e66141fa9ad48c5f66d1c5084b9a3,Assets/Art/Kenney/PixelAdventureUI/Tiles/Large tiles/Thick outline/tile_0054.png
Large tiles,Thick outline,55,4,3,32,32,"(2, 2, 30, 30)",d2e53f9a2eb0197f8a9101932c36920f2faa30a3edce2bc36953fe570cde0142,Assets/Art/Kenney/PixelAdventureUI/Tiles/Large tiles/Thick outline/tile_0055.png
Large tiles,Thick outline,56,4,4,32,32,"(1, 0, 32, 32)",d4da28820ecca728627de4552b26238f089f9a2b90a85cb47d294f687ca1feb7,Assets/Art/Kenney/PixelAdventureUI/Tiles/Large tiles/Thick outline/tile_0056.png
Large tiles,Thick outline,57,4,5,32,32,"(0, 3, 32, 28)",378bef80c4ab05a3776cf4b10fb480a36af4b9f78dcfbb9022e50a086ce63dbf,Assets/Art/Kenney/PixelAdventureUI/Tiles/Large tiles/Thick outline/tile_0057.png
Large tiles,Thick outline,58,4,6,32,32,"(0, 0, 31, 32)",7140ac2cb21444dd70f4fe1c3714810b84204aef79833bc48190060135e233ff,Assets/Art/Kenney/PixelAdventureUI/Tiles/Large tiles/Thick outline/tile_0058.png
Large tiles,Thick outline,59,4,7,32,32,"(0, 0, 32, 32)",c3c292fb090426fbca1722d8de67916bb186c25779450d1c8ddad3000a927b26,Assets/Art/Kenney/PixelAdventureUI/Tiles/Large tiles/Thick outline/tile_0059.png
Large tiles,Thick outline,60,4,8,32,32,"(0, 0, 32, 32)",51e10ae24405d08265fe960aa9df879c4a4bb2cf2810034a636cb19383411f8a,Assets/Art/Kenney/PixelAdventureUI/Tiles/Large tiles/Thick outline/tile_0060.png
Large tiles,Thick outline,61,4,9,32,32,"(0, 0, 32, 32)",f05da00d8ef476e9cfece389535d89ca1177426aac4e282fc224c637b2f13f1a,Assets/Art/Kenney/PixelAdventureUI/Tiles/Large tiles/Thick outline/tile_0061.png
Large tiles,Thick outline,62,4,10,32,32,"(0, 0, 32, 32)",b4c1a361f53a2d095afe13976d3c3e0156973778024eac9d46e3e79bcd799604,Assets/Art/Kenney/PixelAdventureUI/Tiles/Large tiles/Thick outline/tile_0062.png
Large tiles,Thick outline,63,4,11,32,32,"(0, 0, 32, 32)",6443a5ce58054852e3e598da0bc8ed33ade24f71ae95d11df79a21de2528cc75,Assets/Art/Kenney/PixelAdventureUI/Tiles/Large tiles/Thick outline/tile_0063.png
Large tiles,Thick outline,64,4,12,32,32,"(0, 0, 32, 32)",7087e48b177e4176aa2c8e457e0496dc87d6738fb77fe0db247add843f29d030,Assets/Art/Kenney/PixelAdventureUI/Tiles/Large tiles/Thick outline/tile_0064.png
Large tiles,Thick outline,65,5,0,32,32,"(1, 0, 31, 32)",b458b261179f96e44642a92999ab9039ea1163b6a6069056ec71038ccd8f0a4a,Assets/Art/Kenney/PixelAdventureUI/Tiles/Large tiles/Thick outline/tile_0065.png
Large tiles,Thick outline,66,5,1,32,32,"(1, 0, 31, 32)",514422b4e51cf2e25023d3045996432f7415bb298804ac5d88baf0da1f625809,Assets/Art/Kenney/PixelAdventureUI/Tiles/Large tiles/Thick outline/tile_0066.png
Large tiles,Thick outline,67,5,2,32,32,"(1, 0, 31, 32)",4a1f51d7f94a6fa1974b7fb3aea923adc8f39a5bb557461ece2b479eac6b6082,Assets/Art/Kenney/PixelAdventureUI/Tiles/Large tiles/Thick outline/tile_0067.png
Large tiles,Thick outline,68,5,3,32,32,"(1, 0, 31, 32)",3af87b0e324d67dbcfd5f3756525b225f3baf660a73b8ea9e8996c04ae4a9162,Assets/Art/Kenney/PixelAdventureUI/Tiles/Large tiles/Thick outline/tile_0068.png
Large tiles,Thick outline,69,5,4,32,32,"(0, 2, 32, 30)",c1c9bdc6877b212b30641ce00a431630bb8952695c70dd61e5c2d64cd2d451b4,Assets/Art/Kenney/PixelAdventureUI/Tiles/Large tiles/Thick outline/tile_0069.png
Large tiles,Thick outline,70,5,5,32,32,"(0, 2, 32, 30)",0c79d6098516fc227d87e6a053ed443987890e7ff54ef4c74c727d3862b28777,Assets/Art/Kenney/PixelAdventureUI/Tiles/Large tiles/Thick outline/tile_0070.png
Large tiles,Thick outline,71,5,6,32,32,"(0, 2, 32, 30)",c57bae12221cc6766008708458b9a97428759071191a9c2ab3fcd8030a0be265,Assets/Art/Kenney/PixelAdventureUI/Tiles/Large tiles/Thick outline/tile_0071.png
Large tiles,Thick outline,72,5,7,32,32,"(0, 0, 32, 32)",192d6c095880a4405b78f4abbfaceb7b9590b264457e758fb35d558df2b0564e,Assets/Art/Kenney/PixelAdventureUI/Tiles/Large tiles/Thick outline/tile_0072.png
Large tiles,Thick outline,73,5,8,32,32,"(0, 0, 32, 32)",1ad21ffe171fac7322a4ff5499de6d282d1c4458fe28281443411972dd95d8ea,Assets/Art/Kenney/PixelAdventureUI/Tiles/Large tiles/Thick outline/tile_0073.png
Large tiles,Thick outline,74,5,9,32,32,"(0, 0, 32, 32)",d6c5b256c2000484cc1d4484cfda60fe850bd7b53a06147a3d8d5bd4537aa4a8,Assets/Art/Kenney/PixelAdventureUI/Tiles/Large tiles/Thick outline/tile_0074.png
Large tiles,Thick outline,75,5,10,32,32,"(0, 0, 32, 32)",c4eb8f8f58e16faf9fde191258befae0fe60442e05d2b10b1c008c137774041f,Assets/Art/Kenney/PixelAdventureUI/Tiles/Large tiles/Thick outline/tile_0075.png
Large tiles,Thick outline,76,5,11,32,32,"(0, 0, 32, 32)",4b5a94520ee76170f70710ed56ee0a78892ab71d0eb6ba2493f57335758b96a1,Assets/Art/Kenney/PixelAdventureUI/Tiles/Large tiles/Thick outline/tile_0076.png
Large tiles,Thick outline,77,5,12,32,32,"(0, 0, 32, 32)",f9be8e93e26f282c0bde656c2809049bb0438bbf0bdd76959591c63bb25d8116,Assets/Art/Kenney/PixelAdventureUI/Tiles/Large tiles/Thick outline/tile_0077.png
Large tiles,Thick outline,78,6,0,32,32,"(1, 0, 31, 32)",572217ec8f265a5229e9fa145a1b61c22290630870a5ca759a39cf75e4b25af6,Assets/Art/Kenney/PixelAdventureUI/Tiles/Large tiles/Thick outline/tile_0078.png
Large tiles,Thick outline,79,6,1,32,32,"(1, 0, 31, 32)",6479dd3e866a26be91369608eb14683a38afbda1bb79195efecab47343e3d095,Assets/Art/Kenney/PixelAdventureUI/Tiles/Large tiles/Thick outline/tile_0079.png
Large tiles,Thick outline,80,6,2,32,32,"(1, 0, 31, 32)",8e61562cf32f7b3b75d93a98d8282c1f5bb9d1cd38def8177fffd364c14c416d,Assets/Art/Kenney/PixelAdventureUI/Tiles/Large tiles/Thick outline/tile_0080.png
Large tiles,Thick outline,81,6,3,32,32,"(1, 0, 31, 32)",d05b20c717390e2c0fa14a81032507df4e0db5f72bbb5840fd902af6ac5bf768,Assets/Art/Kenney/PixelAdventureUI/Tiles/Large tiles/Thick outline/tile_0081.png
Large tiles,Thick outline,82,6,4,32,32,"(0, 2, 32, 30)",a318f353a5cf19d05dd228610a39c6a5b2b2b94e7112bd94008ba32ef11af4f0,Assets/Art/Kenney/PixelAdventureUI/Tiles/Large tiles/Thick outline/tile_0082.png
Large tiles,Thick outline,83,6,5,32,32,"(0, 2, 32, 30)",c9c0a0678eb637baefb344169a528210002341056a77e236e329f5991240334f,Assets/Art/Kenney/PixelAdventureUI/Tiles/Large tiles/Thick outline/tile_0083.png
Large tiles,Thick outline,84,6,6,32,32,"(0, 2, 32, 30)",0762eae7322f0e1428ad66d67798350f9c17cbf6a3c1ce5021d9497a49cbbc1f,Assets/Art/Kenney/PixelAdventureUI/Tiles/Large tiles/Thick outline/tile_0084.png
Large tiles,Thick outline,85,6,7,32,32,"(0, 0, 32, 32)",e9fc34ef11cd16a350446f01bf1fd92939c1750220deba099a493d77ff5ff609,Assets/Art/Kenney/PixelAdventureUI/Tiles/Large tiles/Thick outline/tile_0085.png
Large tiles,Thick outline,86,6,8,32,32,"(0, 0, 32, 32)",5c4ee1964ca82dba4b0e86b8af0ebb5eedc4b19e2c7ea0af359100ea292d1108,Assets/Art/Kenney/PixelAdventureUI/Tiles/Large tiles/Thick outline/tile_0086.png
Large tiles,Thick outline,87,6,9,32,32,"(0, 0, 32, 32)",c692922de427d81ccebb09fcd7c2699ee2756b5c54f1e94cb8f29e8e3dab607c,Assets/Art/Kenney/PixelAdventureUI/Tiles/Large tiles/Thick outline/tile_0087.png
Large tiles,Thick outline,88,6,10,32,32,"(0, 0, 32, 32)",f88da2f696808bb66eab673df1628b046b4a022371e0b462fe8dd0c5879c3fcb,Assets/Art/Kenney/PixelAdventureUI/Tiles/Large tiles/Thick outline/tile_0088.png
Large tiles,Thick outline,89,6,11,32,32,"(0, 0, 32, 32)",0f9afdbbd8f2e63f03828a460b0eb6788b342f97292bcd1547239a6d57471da7,Assets/Art/Kenney/PixelAdventureUI/Tiles/Large tiles/Thick outline/tile_0089.png
Large tiles,Thick outline,90,6,12,32,32,"(0, 0, 32, 32)",9c9b829d3f34730d4fbaef92b37df5b28ac4f1e3f38a2331dbe0e09a38ae4a24,Assets/Art/Kenney/PixelAdventureUI/Tiles/Large tiles/Thick outline/tile_0090.png
Large tiles,Thin outline,0,0,0,32,32,"(0, 0, 32, 32)",adb95dd4590053e5537b3f1c9526a4557e5c1111b501feb0817cec451281f38e,Assets/Art/Kenney/PixelAdventureUI/Tiles/Large tiles/Thin outline/tile_0000.png
Large tiles,Thin outline,1,0,1,32,32,"(0, 0, 32, 32)",9ab3dc56a10e2c1eae4614e2c0898d7e156ccf9e841bc802e8555cc1d9f93ead,Assets/Art/Kenney/PixelAdventureUI/Tiles/Large tiles/Thin outline/tile_0001.png
Large tiles,Thin outline,2,0,2,32,32,"(0, 0, 32, 32)",b4340bcd87b60131345a1e5057b3880d214f8dff6ca9363acb5c9bcc04ddee92,Assets/Art/Kenney/PixelAdventureUI/Tiles/Large tiles/Thin outline/tile_0002.png
Large tiles,Thin outline,3,0,3,32,32,"(0, 0, 32, 32)",a0cc3decf89504f3302f3490acb7c59b927781128699c2a2bc40376b5844a6f9,Assets/Art/Kenney/PixelAdventureUI/Tiles/Large tiles/Thin outline/tile_0003.png
Large tiles,Thin outline,4,0,4,32,32,"(0, 0, 32, 32)",1156650c7ae33019362ce899eac5df464a49c2bb8bd964bea94ad2ff039674bc,Assets/Art/Kenney/PixelAdventureUI/Tiles/Large tiles/Thin outline/tile_0004.png
Large tiles,Thin outline,5,0,5,32,32,"(0, 0, 32, 32)",6671c761df09d4f2bb3dcca4019da668575332e6fa16785edf3e4c13ab8df1fd,Assets/Art/Kenney/PixelAdventureUI/Tiles/Large tiles/Thin outline/tile_0005.png
Large tiles,Thin outline,6,0,6,32,32,"(0, 0, 32, 32)",5d7e66779e89d3db1b5ded45f6882fbc4088ed3b5e9e7de225bc69dff571a39d,Assets/Art/Kenney/PixelAdventureUI/Tiles/Large tiles/Thin outline/tile_0006.png
Large tiles,Thin outline,7,0,7,32,32,"(0, 0, 32, 32)",1c3bc0cfd232274d9901982fb38484f42510d3c78fda53135b161aa466bcfb05,Assets/Art/Kenney/PixelAdventureUI/Tiles/Large tiles/Thin outline/tile_0007.png
Large tiles,Thin outline,8,0,8,32,32,"(0, 0, 32, 32)",8a552dc06a94df6a4dbf6d0b79bb2baf833ba91a6f48b50cdb3a2aa3c5131f62,Assets/Art/Kenney/PixelAdventureUI/Tiles/Large tiles/Thin outline/tile_0008.png
Large tiles,Thin outline,9,0,9,32,32,"(0, 0, 32, 32)",6327e180d9a565adea0b934d71554373ed3e41a9106aaf11caffd291aff7319d,Assets/Art/Kenney/PixelAdventureUI/Tiles/Large tiles/Thin outline/tile_0009.png
Large tiles,Thin outline,10,0,10,32,32,None,37beabe871ded30cbc18ff4c373df256a6f34b86c3a3180e59604f8486b74c04,Assets/Art/Kenney/PixelAdventureUI/Tiles/Large tiles/Thin outline/tile_0010.png
Large tiles,Thin outline,11,0,11,32,32,None,37beabe871ded30cbc18ff4c373df256a6f34b86c3a3180e59604f8486b74c04,Assets/Art/Kenney/PixelAdventureUI/Tiles/Large tiles/Thin outline/tile_0011.png
Large tiles,Thin outline,12,0,12,32,32,None,37beabe871ded30cbc18ff4c373df256a6f34b86c3a3180e59604f8486b74c04,Assets/Art/Kenney/PixelAdventureUI/Tiles/Large tiles/Thin outline/tile_0012.png
Large tiles,Thin outline,13,1,0,32,32,"(0, 0, 32, 32)",131a9927a0a6b0d13efeee601842450915e97efb1932ec77bb16b6d68fadeeee,Assets/Art/Kenney/PixelAdventureUI/Tiles/Large tiles/Thin outline/tile_0013.png
Large tiles,Thin outline,14,1,1,32,32,"(0, 0, 32, 32)",9b67e4c3d36376e86d8372c5c8ad914f16a70e7696d1685d62d8fb2405c4905f,Assets/Art/Kenney/PixelAdventureUI/Tiles/Large tiles/Thin outline/tile_0014.png
Large tiles,Thin outline,15,1,2,32,32,"(0, 0, 32, 32)",da56761615d4312bbe2d830562b5344397155b388c67e2ff8147a29cd8eb40c2,Assets/Art/Kenney/PixelAdventureUI/Tiles/Large tiles/Thin outline/tile_0015.png
Large tiles,Thin outline,16,1,3,32,32,"(0, 0, 32, 32)",6b4a0c72172afc977152c3c0ea727ebdb69922b4843b7d583c2431a4022ee3ac,Assets/Art/Kenney/PixelAdventureUI/Tiles/Large tiles/Thin outline/tile_0016.png
Large tiles,Thin outline,17,1,4,32,32,"(0, 0, 32, 32)",4f1498d039064ab4c65479d406c3327c53c9dc7f7bb1f7c8c218d6b9ed0fc6c5,Assets/Art/Kenney/PixelAdventureUI/Tiles/Large tiles/Thin outline/tile_0017.png
Large tiles,Thin outline,18,1,5,32,32,"(0, 0, 32, 32)",6f9ce5192f9f184e3de0a7ae3062f94d5a1dae60b45a71559046dcea3f86ff26,Assets/Art/Kenney/PixelAdventureUI/Tiles/Large tiles/Thin outline/tile_0018.png
Large tiles,Thin outline,19,1,6,32,32,"(0, 0, 32, 32)",6bc2f7e366931e1b9f022cb668549769b7b2043261c83aff4c4e34dba9079756,Assets/Art/Kenney/PixelAdventureUI/Tiles/Large tiles/Thin outline/tile_0019.png
Large tiles,Thin outline,20,1,7,32,32,"(0, 0, 32, 32)",d984565234900a21923fbc8383329e2616974d44c2df2e880efc1335aa1cb29a,Assets/Art/Kenney/PixelAdventureUI/Tiles/Large tiles/Thin outline/tile_0020.png
Large tiles,Thin outline,21,1,8,32,32,"(0, 0, 32, 32)",454ad9d63b43b5f8c1a820f920190e7104ed72839362f38ba587a218f7ab17d8,Assets/Art/Kenney/PixelAdventureUI/Tiles/Large tiles/Thin outline/tile_0021.png
Large tiles,Thin outline,22,1,9,32,32,"(0, 0, 32, 32)",2ab6f7fe50c387acee71352af9b174cfbbaedd9e409158d7dfd1dc2fb877c42e,Assets/Art/Kenney/PixelAdventureUI/Tiles/Large tiles/Thin outline/tile_0022.png
Large tiles,Thin outline,23,1,10,32,32,None,37beabe871ded30cbc18ff4c373df256a6f34b86c3a3180e59604f8486b74c04,Assets/Art/Kenney/PixelAdventureUI/Tiles/Large tiles/Thin outline/tile_0023.png
Large tiles,Thin outline,24,1,11,32,32,None,37beabe871ded30cbc18ff4c373df256a6f34b86c3a3180e59604f8486b74c04,Assets/Art/Kenney/PixelAdventureUI/Tiles/Large tiles/Thin outline/tile_0024.png
Large tiles,Thin outline,25,1,12,32,32,None,37beabe871ded30cbc18ff4c373df256a6f34b86c3a3180e59604f8486b74c04,Assets/Art/Kenney/PixelAdventureUI/Tiles/Large tiles/Thin outline/tile_0025.png
Large tiles,Thin outline,26,2,0,32,32,"(0, 0, 32, 32)",0110ec90a7c80d586b82f4226ead5e31a645a4e8f581cd5e1666f85ee4932879,Assets/Art/Kenney/PixelAdventureUI/Tiles/Large tiles/Thin outline/tile_0026.png
Large tiles,Thin outline,27,2,1,32,32,"(0, 0, 32, 32)",94f756ba6a7e1ac4542a23314bf8c45300458ae702fda4ad00defd7dc3458e41,Assets/Art/Kenney/PixelAdventureUI/Tiles/Large tiles/Thin outline/tile_0027.png
Large tiles,Thin outline,28,2,2,32,32,"(0, 0, 32, 32)",52083fe83243aed283a6896f18677b72e624c7862f32d39adf1ece2edd2ea3e7,Assets/Art/Kenney/PixelAdventureUI/Tiles/Large tiles/Thin outline/tile_0028.png
Large tiles,Thin outline,29,2,3,32,32,"(0, 0, 32, 32)",7715a6f5cf2553e5174b4e980bc05b1fb07af3c86aa39d461b2ea37d694e4c98,Assets/Art/Kenney/PixelAdventureUI/Tiles/Large tiles/Thin outline/tile_0029.png
Large tiles,Thin outline,30,2,4,32,32,"(0, 0, 32, 32)",1f24da3c8b24fa34f9dd59a99227902650a812e44810f464f7bc9c818e2f869f,Assets/Art/Kenney/PixelAdventureUI/Tiles/Large tiles/Thin outline/tile_0030.png
Large tiles,Thin outline,31,2,5,32,32,"(0, 0, 32, 32)",aa379c595d843b5dad27fe1ca409ca4c1d563cb631b7511310eb56f62544057f,Assets/Art/Kenney/PixelAdventureUI/Tiles/Large tiles/Thin outline/tile_0031.png
Large tiles,Thin outline,32,2,6,32,32,"(0, 0, 32, 32)",7f346ced3d52a622a9246c1bb59e29db47373235d5b7e7056e13bd2fb89c65d9,Assets/Art/Kenney/PixelAdventureUI/Tiles/Large tiles/Thin outline/tile_0032.png
Large tiles,Thin outline,33,2,7,32,32,"(0, 0, 32, 32)",a6ae8f4af41c1f94afb608eac4d2b26573df6c1043c05ba1a4b900b077f122b9,Assets/Art/Kenney/PixelAdventureUI/Tiles/Large tiles/Thin outline/tile_0033.png
Large tiles,Thin outline,34,2,8,32,32,"(0, 0, 32, 32)",c6f87388bb161e67685e80b3c767d6da4d24ef8741c76446ad08c6bbcf973882,Assets/Art/Kenney/PixelAdventureUI/Tiles/Large tiles/Thin outline/tile_0034.png
Large tiles,Thin outline,35,2,9,32,32,"(0, 0, 32, 32)",ca665e23b4493566ce88f185cfac5874a89ea2be9c8a35d8fc1a3e31243c0c24,Assets/Art/Kenney/PixelAdventureUI/Tiles/Large tiles/Thin outline/tile_0035.png
Large tiles,Thin outline,36,2,10,32,32,None,37beabe871ded30cbc18ff4c373df256a6f34b86c3a3180e59604f8486b74c04,Assets/Art/Kenney/PixelAdventureUI/Tiles/Large tiles/Thin outline/tile_0036.png
Large tiles,Thin outline,37,2,11,32,32,None,37beabe871ded30cbc18ff4c373df256a6f34b86c3a3180e59604f8486b74c04,Assets/Art/Kenney/PixelAdventureUI/Tiles/Large tiles/Thin outline/tile_0037.png
Large tiles,Thin outline,38,2,12,32,32,None,37beabe871ded30cbc18ff4c373df256a6f34b86c3a3180e59604f8486b74c04,Assets/Art/Kenney/PixelAdventureUI/Tiles/Large tiles/Thin outline/tile_0038.png
Large tiles,Thin outline,39,3,0,32,32,"(0, 0, 32, 32)",dc42014fc57db6f8d1d9e4ad04be7fe806700446c46e595aa93655ba8ee68aa1,Assets/Art/Kenney/PixelAdventureUI/Tiles/Large tiles/Thin outline/tile_0039.png
Large tiles,Thin outline,40,3,1,32,32,"(0, 0, 32, 32)",bf40e4f0fafe8da5ee89fbd64cd42403fea29f128728157e8e4303cfc39ca8c8,Assets/Art/Kenney/PixelAdventureUI/Tiles/Large tiles/Thin outline/tile_0040.png
Large tiles,Thin outline,41,3,2,32,32,"(0, 0, 32, 32)",1ac7d59f468e897ffc32d599a581499fbf4d188e22a45a4bd5dbdac8dc59ef91,Assets/Art/Kenney/PixelAdventureUI/Tiles/Large tiles/Thin outline/tile_0041.png
Large tiles,Thin outline,42,3,3,32,32,"(0, 0, 32, 32)",acb9285cc67393a9480d0f505eab28f0965d659196f0a53c57af63ab47cd6bd8,Assets/Art/Kenney/PixelAdventureUI/Tiles/Large tiles/Thin outline/tile_0042.png
Large tiles,Thin outline,43,3,4,32,32,"(0, 0, 32, 29)",37be0495c8e646643f300e6e73d61637f965ba2c3034ec3965dcf51cc394ae8f,Assets/Art/Kenney/PixelAdventureUI/Tiles/Large tiles/Thin outline/tile_0043.png
Large tiles,Thin outline,44,3,5,32,32,"(0, 5, 32, 30)",a9007f51e15483cd26c234b7d3aceff732b5ab49157cad5e181cfa07895ab353,Assets/Art/Kenney/PixelAdventureUI/Tiles/Large tiles/Thin outline/tile_0044.png
Large tiles,Thin outline,45,3,6,32,32,"(0, 0, 32, 29)",c4947dd5bc6d4b5a47df4253a0527435c66a452c82c045e873545f1a89f06286,Assets/Art/Kenney/PixelAdventureUI/Tiles/Large tiles/Thin outline/tile_0045.png
Large tiles,Thin outline,46,3,7,32,32,"(1, 1, 32, 32)",05eccb208066a45b4b49a1992fd998cbc4519d443c94e918b3f2d7b5d0b92fde,Assets/Art/Kenney/PixelAdventureUI/Tiles/Large tiles/Thin outline/tile_0046.png
Large tiles,Thin outline,47,3,8,32,32,"(0, 1, 31, 32)",a4639aad01a4c45833eadf042b49e9ec4e172ef0b73dc4157d18586814f7bf16,Assets/Art/Kenney/PixelAdventureUI/Tiles/Large tiles/Thin outline/tile_0047.png
Large tiles,Thin outline,48,3,9,32,32,"(1, 1, 32, 32)",791a5a20c57aa08da6ccf80bc7b90a77610b5bcd3b1a3380baf40d07d6a31b3c,Assets/Art/Kenney/PixelAdventureUI/Tiles/Large tiles/Thin outline/tile_0048.png
Large tiles,Thin outline,49,3,10,32,32,"(0, 1, 31, 32)",405df4c9177184e0f879280c2f289f5d1208680050755d4304f061186087b1fc,Assets/Art/Kenney/PixelAdventureUI/Tiles/Large tiles/Thin outline/tile_0049.png
Large tiles,Thin outline,50,3,11,32,32,"(1, 1, 32, 32)",b191d64c27d029bc0c73e08ad12cdb10da8284aa458c8c69606bc27b1017c425,Assets/Art/Kenney/PixelAdventureUI/Tiles/Large tiles/Thin outline/tile_0050.png
Large tiles,Thin outline,51,3,12,32,32,"(0, 1, 31, 32)",69f2f1aa6bda62fb20fde4137fab6dcbbfc1bacedff800294e0769c828e40b10,Assets/Art/Kenney/PixelAdventureUI/Tiles/Large tiles/Thin outline/tile_0051.png
Large tiles,Thin outline,52,4,0,32,32,"(0, 0, 32, 32)",34415eeb8119dcfe59866bc4636fb345ff6677b412ec3161a22c4fcd11d82a0e,Assets/Art/Kenney/PixelAdventureUI/Tiles/Large tiles/Thin outline/tile_0052.png
Large tiles,Thin outline,53,4,1,32,32,"(0, 0, 32, 32)",d7717957deed9461b8df008a31e79e84e3c46278a10e4e46a6b61ad1db0a6728,Assets/Art/Kenney/PixelAdventureUI/Tiles/Large tiles/Thin outline/tile_0053.png
Large tiles,Thin outline,54,4,2,32,32,"(0, 0, 32, 32)",fc875d45fcfb2f466614e6e3a1431c519fb2949f7d0826b75699fd1239898feb,Assets/Art/Kenney/PixelAdventureUI/Tiles/Large tiles/Thin outline/tile_0054.png
Large tiles,Thin outline,55,4,3,32,32,"(0, 0, 32, 32)",ae817de9c6f7d60e1f12ce91427372d7691ff17721957ac688d5847be8f0e4d5,Assets/Art/Kenney/PixelAdventureUI/Tiles/Large tiles/Thin outline/tile_0055.png
Large tiles,Thin outline,56,4,4,32,32,"(2, 0, 32, 32)",8df5bc5ae187a487412ac24553a188e36f1bd349369c25eace90df7740931bc0,Assets/Art/Kenney/PixelAdventureUI/Tiles/Large tiles/Thin outline/tile_0056.png
Large tiles,Thin outline,57,4,5,32,32,"(0, 3, 32, 28)",7a3e0232c8fb0db4d52bc57c1692918f1cbeea514ed97c974089c795354abf8d,Assets/Art/Kenney/PixelAdventureUI/Tiles/Large tiles/Thin outline/tile_0057.png
Large tiles,Thin outline,58,4,6,32,32,"(0, 0, 30, 32)",ad75769e8dffb4a06edcb980393e3afecd0a270293210c0f9303557285d8faff,Assets/Art/Kenney/PixelAdventureUI/Tiles/Large tiles/Thin outline/tile_0058.png
Large tiles,Thin outline,59,4,7,32,32,"(1, 0, 32, 31)",4c241f9f58da9f1028c7b8c2b4ab7dac6c955b1234d1c244cf5aacae0c224360,Assets/Art/Kenney/PixelAdventureUI/Tiles/Large tiles/Thin outline/tile_0059.png
Large tiles,Thin outline,60,4,8,32,32,"(0, 0, 31, 31)",dc492fd55bfcfeff94ac2fbc283ae1247d572424f67d36cf747dee45e60f7d31,Assets/Art/Kenney/PixelAdventureUI/Tiles/Large tiles/Thin outline/tile_0060.png
Large tiles,Thin outline,61,4,9,32,32,"(1, 0, 32, 31)",987005d9a47760349491a837be2d4f5c36e9e3e6d394db82446f5d7a8498f6cc,Assets/Art/Kenney/PixelAdventureUI/Tiles/Large tiles/Thin outline/tile_0061.png
Large tiles,Thin outline,62,4,10,32,32,"(0, 0, 31, 31)",fe8163ae24e2dee0cf53101988c248ba8670df6c9e4f910bbed9f9972502d3d9,Assets/Art/Kenney/PixelAdventureUI/Tiles/Large tiles/Thin outline/tile_0062.png
Large tiles,Thin outline,63,4,11,32,32,"(1, 0, 32, 31)",4969ad14f5bafa9da16c64ae6e9a68a4edbe531b11ce5638cb8d2195ce6d1c73,Assets/Art/Kenney/PixelAdventureUI/Tiles/Large tiles/Thin outline/tile_0063.png
Large tiles,Thin outline,64,4,12,32,32,"(0, 0, 31, 31)",48517eafbb52567aac89dc14a2dfe65db2559f1039871cc5535987319a0be16a,Assets/Art/Kenney/PixelAdventureUI/Tiles/Large tiles/Thin outline/tile_0064.png
Large tiles,Thin outline,65,5,0,32,32,"(2, 0, 30, 32)",ad6379ac71450d5f70407072b46e2c7132b83403ad2d7f630f3ef92bced23b54,Assets/Art/Kenney/PixelAdventureUI/Tiles/Large tiles/Thin outline/tile_0065.png
Large tiles,Thin outline,66,5,1,32,32,"(2, 0, 30, 32)",cafccd66e8679d2dabba7fa30511425587cc331588a5bc7690b57c65378e2f4b,Assets/Art/Kenney/PixelAdventureUI/Tiles/Large tiles/Thin outline/tile_0066.png
Large tiles,Thin outline,67,5,2,32,32,"(2, 0, 30, 32)",a8a2df992a15ed8c6b250eeb9ce602e63c7d5523d72439569b83566d7b328e1a,Assets/Art/Kenney/PixelAdventureUI/Tiles/Large tiles/Thin outline/tile_0067.png
Large tiles,Thin outline,68,5,3,32,32,"(2, 0, 30, 32)",32d1f761d7cc1922e412d33d0c9ab6966cf5dcbc73e2932970c27ff26ad5e07a,Assets/Art/Kenney/PixelAdventureUI/Tiles/Large tiles/Thin outline/tile_0068.png
Large tiles,Thin outline,69,5,4,32,32,"(0, 3, 32, 29)",2f2cae88ab41568c78434dcf1128846664969a88f1def0a775fd00365498ea44,Assets/Art/Kenney/PixelAdventureUI/Tiles/Large tiles/Thin outline/tile_0069.png
Large tiles,Thin outline,70,5,5,32,32,"(0, 3, 32, 29)",49b04278518ce5fff172e13e9cf18788babd590747144e2def5d1a5ac10afa84,Assets/Art/Kenney/PixelAdventureUI/Tiles/Large tiles/Thin outline/tile_0070.png
Large tiles,Thin outline,71,5,6,32,32,"(0, 3, 32, 29)",257dbbbe04c2fcbdee564e0bab3402bb8cd33cbc3e24a152f2ee2a57a6156fd3,Assets/Art/Kenney/PixelAdventureUI/Tiles/Large tiles/Thin outline/tile_0071.png
Large tiles,Thin outline,72,5,7,32,32,"(0, 0, 32, 32)",d4c72149530847a4f78c2cf8fef23b66ca40d625e8d28307fb2f15d614299337,Assets/Art/Kenney/PixelAdventureUI/Tiles/Large tiles/Thin outline/tile_0072.png
Large tiles,Thin outline,73,5,8,32,32,"(0, 0, 32, 32)",adb34a80c04e312ed1624239c53d71cae1ed77b968dc6ec7648b67c7f9e29c0f,Assets/Art/Kenney/PixelAdventureUI/Tiles/Large tiles/Thin outline/tile_0073.png
Large tiles,Thin outline,74,5,9,32,32,"(0, 0, 32, 32)",c55c8dd2e5524081fa8d7e6d0b054f086d2c295c2dd28a337e764ab2a10b1667,Assets/Art/Kenney/PixelAdventureUI/Tiles/Large tiles/Thin outline/tile_0074.png
Large tiles,Thin outline,75,5,10,32,32,"(0, 0, 32, 32)",fe3b69de7e07da93f719bab140fae5e19094ef00807cd94afe09f2d62fd6e2cd,Assets/Art/Kenney/PixelAdventureUI/Tiles/Large tiles/Thin outline/tile_0075.png
Large tiles,Thin outline,76,5,11,32,32,"(0, 0, 32, 32)",70abf4e34d09d1c7f468b9f07d931c67348b9d76f298665b4766d250168cda06,Assets/Art/Kenney/PixelAdventureUI/Tiles/Large tiles/Thin outline/tile_0076.png
Large tiles,Thin outline,77,5,12,32,32,"(0, 0, 32, 32)",9255286ec62eb6861233f419b80df7e640e8e66818d58a3a1715ee49ecb9cf61,Assets/Art/Kenney/PixelAdventureUI/Tiles/Large tiles/Thin outline/tile_0077.png
Large tiles,Thin outline,78,6,0,32,32,"(2, 0, 30, 32)",76cddcefdc0dd6d2c9b964923c40b711fdefc3e156e025fad0344d70fdac2745,Assets/Art/Kenney/PixelAdventureUI/Tiles/Large tiles/Thin outline/tile_0078.png
Large tiles,Thin outline,79,6,1,32,32,"(2, 0, 30, 32)",4dd3fdafb1097d3a630b3c204ac96bada0361fc2df57c9a03d3699309039e142,Assets/Art/Kenney/PixelAdventureUI/Tiles/Large tiles/Thin outline/tile_0079.png
Large tiles,Thin outline,80,6,2,32,32,"(2, 0, 30, 32)",5c077b32d25ca303bbbc125ebab34c1290759f2bee3cf8ed248573b8159f1a9c,Assets/Art/Kenney/PixelAdventureUI/Tiles/Large tiles/Thin outline/tile_0080.png
Large tiles,Thin outline,81,6,3,32,32,"(2, 0, 30, 32)",3dc65ebd96872d796ba4601bafbeed4c44726220a60754125ade2e2ca564f00c,Assets/Art/Kenney/PixelAdventureUI/Tiles/Large tiles/Thin outline/tile_0081.png
Large tiles,Thin outline,82,6,4,32,32,"(0, 3, 32, 29)",bbb7e7831d578a3335a3740be99322227789130826582fe8e5ecb17367310163,Assets/Art/Kenney/PixelAdventureUI/Tiles/Large tiles/Thin outline/tile_0082.png
Large tiles,Thin outline,83,6,5,32,32,"(0, 3, 32, 29)",8c7f2a20652afb465a8b5dd3f23300742f5220857e995933460b506536e5f06b,Assets/Art/Kenney/PixelAdventureUI/Tiles/Large tiles/Thin outline/tile_0083.png
Large tiles,Thin outline,84,6,6,32,32,"(0, 3, 32, 29)",efc5ba8a0b7c257e6724ee6030e4e8c3e01614d71205260f7320b226f71f9c72,Assets/Art/Kenney/PixelAdventureUI/Tiles/Large tiles/Thin outline/tile_0084.png
Large tiles,Thin outline,85,6,7,32,32,"(0, 0, 32, 32)",4bc132e9ff6c34b523b11946058d54d685339019bc8aa0c1793e922b02b31b07,Assets/Art/Kenney/PixelAdventureUI/Tiles/Large tiles/Thin outline/tile_0085.png
Large tiles,Thin outline,86,6,8,32,32,"(0, 0, 32, 32)",e5ba94195f6241e5797584af2845fb585633f36598114c8992d030ae5d6daab9,Assets/Art/Kenney/PixelAdventureUI/Tiles/Large tiles/Thin outline/tile_0086.png
Large tiles,Thin outline,87,6,9,32,32,"(0, 0, 32, 32)",1724e8ddde3a33fc1a0e9ae876e126bf39874f51cb4cecb8e568fe433cd34d94,Assets/Art/Kenney/PixelAdventureUI/Tiles/Large tiles/Thin outline/tile_0087.png
Large tiles,Thin outline,88,6,10,32,32,"(0, 0, 32, 32)",a7b5b5001b11b7bf074da17408ed2c9f65ef71bb124a52234083a9032517bab2,Assets/Art/Kenney/PixelAdventureUI/Tiles/Large tiles/Thin outline/tile_0088.png
Large tiles,Thin outline,89,6,11,32,32,"(0, 0, 32, 32)",702974fc5033a75cc1b27206b2231c48530cdb74ae762a04286fb340d8a838b3,Assets/Art/Kenney/PixelAdventureUI/Tiles/Large tiles/Thin outline/tile_0089.png
Large tiles,Thin outline,90,6,12,32,32,"(0, 0, 32, 32)",975287336457933843636539eafd8c93edfae1a91e454c30dc9c226d92c80538,Assets/Art/Kenney/PixelAdventureUI/Tiles/Large tiles/Thin outline/tile_0090.png
Small tiles,Thick outline,0,0,0,16,16,"(1, 1, 15, 15)",62886a2569966c4a4507a74f2a052ffa721bda01b49b2a01f2271092bc286795,Assets/Art/Kenney/PixelAdventureUI/Tiles/Small tiles/Thick outline/tile_0000.png
Small tiles,Thick outline,1,0,1,16,16,"(1, 1, 15, 15)",3a9a6ab624c43bd072e60dfc8433741672278a93daf2e67d3a5f459d917f4ae6,Assets/Art/Kenney/PixelAdventureUI/Tiles/Small tiles/Thick outline/tile_0001.png
Small tiles,Thick outline,2,0,2,16,16,"(1, 1, 15, 15)",f643084c2f35058466e3351d01c3b0bb54327ab26bf8d73854fc5e2434e7296d,Assets/Art/Kenney/PixelAdventureUI/Tiles/Small tiles/Thick outline/tile_0002.png
Small tiles,Thick outline,3,0,3,16,16,"(0, 2, 16, 14)",525d420b952a37586a3200a77cc0708c0c7ab34bd3a9c4cc35c4430ecaaf6891,Assets/Art/Kenney/PixelAdventureUI/Tiles/Small tiles/Thick outline/tile_0003.png
Small tiles,Thick outline,4,0,4,16,16,"(0, 2, 16, 14)",cba086062ec133a14494376d074830bcf45f3628e4c0ac807069492faa4fbec8,Assets/Art/Kenney/PixelAdventureUI/Tiles/Small tiles/Thick outline/tile_0004.png
Small tiles,Thick outline,5,0,5,16,16,"(0, 0, 16, 16)",c9b912fd13566dc831c68b5e431020093185eb93d91c841110d5028c8ba53dce,Assets/Art/Kenney/PixelAdventureUI/Tiles/Small tiles/Thick outline/tile_0005.png
Small tiles,Thick outline,6,0,6,16,16,"(0, 0, 16, 16)",edb16c604366ccbfe598b3dcd0fbdcd83b4663454d05f22d83af4466dca2781d,Assets/Art/Kenney/PixelAdventureUI/Tiles/Small tiles/Thick outline/tile_0006.png
Small tiles,Thick outline,7,0,7,16,16,"(0, 0, 16, 16)",65e0f47a6348efb2459bd2fbd21727a48ed5ce79cd1c88db6b66d5bc60b3c730,Assets/Art/Kenney/PixelAdventureUI/Tiles/Small tiles/Thick outline/tile_0007.png
Small tiles,Thick outline,8,0,8,16,16,"(3, 3, 13, 13)",efcde19a6f4f2de5c2d07afbc58ba1e610e9693260688a0527281d2de4368f1c,Assets/Art/Kenney/PixelAdventureUI/Tiles/Small tiles/Thick outline/tile_0008.png
Small tiles,Thick outline,9,0,9,16,16,"(3, 2, 13, 14)",1d0f7d5dbb914718d225d4c61da5dbaa687e6e03dd037bfb3dc1aaed0a844108,Assets/Art/Kenney/PixelAdventureUI/Tiles/Small tiles/Thick outline/tile_0009.png
Small tiles,Thick outline,10,0,10,16,16,"(0, 0, 16, 16)",2c5add549d7b651560764e4004e9c34a454c3073f2e257551d99bbe5960564a5,Assets/Art/Kenney/PixelAdventureUI/Tiles/Small tiles/Thick outline/tile_0010.png
Small tiles,Thick outline,11,0,11,16,16,"(0, 0, 16, 16)",08fb807b27f0db62d0d4498f77b4128c4a8757471275fdca991c2a73e215797f,Assets/Art/Kenney/PixelAdventureUI/Tiles/Small tiles/Thick outline/tile_0011.png
Small tiles,Thick outline,12,0,12,16,16,"(0, 0, 16, 16)",327282da6fa0276998eeaa8375b5d2553955d8af75654dae30623d821218c613,Assets/Art/Kenney/PixelAdventureUI/Tiles/Small tiles/Thick outline/tile_0012.png
Small tiles,Thick outline,13,0,13,16,16,"(0, 0, 16, 16)",ec8925401316d9418eec12e2d570af1de93f8138d4eb0d6257f41f87e7af40c0,Assets/Art/Kenney/PixelAdventureUI/Tiles/Small tiles/Thick outline/tile_0013.png
Small tiles,Thick outline,14,0,14,16,16,"(0, 0, 16, 16)",3ec7a3df0396ddc63b637cd0b0a279d7861c06ea12eb99c950a25b54c58c923a,Assets/Art/Kenney/PixelAdventureUI/Tiles/Small tiles/Thick outline/tile_0014.png
Small tiles,Thick outline,15,0,15,16,16,"(1, 1, 15, 15)",e9aa80a3794e18cd0e74502f66056be6c2bc4b1df2e7eb4bf052057a1e25ec9d,Assets/Art/Kenney/PixelAdventureUI/Tiles/Small tiles/Thick outline/tile_0015.png
Small tiles,Thick outline,16,0,16,16,16,"(0, 0, 16, 16)",ba36707aef0c09a245eb5cc3095e86c97622511b1235de9e123c7d13c4b274a5,Assets/Art/Kenney/PixelAdventureUI/Tiles/Small tiles/Thick outline/tile_0016.png
Small tiles,Thick outline,17,0,17,16,16,"(1, 1, 15, 15)",ba60fb97efdf71e76e3dd9dd0633bd3b6eed4924975c630b88185376dd2a88cc,Assets/Art/Kenney/PixelAdventureUI/Tiles/Small tiles/Thick outline/tile_0017.png
Small tiles,Thick outline,18,0,18,16,16,"(0, 0, 16, 16)",86d13ea7f00058386b6c3961086c33b3dc8b65b0cd20ad832dca6e558671aab6,Assets/Art/Kenney/PixelAdventureUI/Tiles/Small tiles/Thick outline/tile_0018.png
Small tiles,Thick outline,19,0,19,16,16,"(0, 0, 16, 16)",0cb95183616443c01d6540ebe000756b4741e98e7c037fc7a37a0bcfc7020fa7,Assets/Art/Kenney/PixelAdventureUI/Tiles/Small tiles/Thick outline/tile_0019.png
Small tiles,Thick outline,20,0,20,16,16,None,7055b76c0befa453a4d10e8e0be54f47b4d29e99fe8b72084ceb14b7e29ae51c,Assets/Art/Kenney/PixelAdventureUI/Tiles/Small tiles/Thick outline/tile_0020.png
Small tiles,Thick outline,21,0,21,16,16,None,7055b76c0befa453a4d10e8e0be54f47b4d29e99fe8b72084ceb14b7e29ae51c,Assets/Art/Kenney/PixelAdventureUI/Tiles/Small tiles/Thick outline/tile_0021.png
Small tiles,Thick outline,22,0,22,16,16,None,2f4249eaad35cb2d714aa1c2d6ca03d309dd726eecfc77aa4dadf80fbf9913d3,Assets/Art/Kenney/PixelAdventureUI/Tiles/Small tiles/Thick outline/tile_0022.png
Small tiles,Thick outline,23,1,0,16,16,"(1, 1, 15, 15)",28d38c0440638e9a57a162151dd7aeb55d6c8e6107419ab3524107a9c6124f87,Assets/Art/Kenney/PixelAdventureUI/Tiles/Small tiles/Thick outline/tile_0023.png
Small tiles,Thick outline,24,1,1,16,16,"(1, 1, 15, 15)",570c6512badb8cb0d4802309152481a14e6263f64dbd2bae35af5c059643c156,Assets/Art/Kenney/PixelAdventureUI/Tiles/Small tiles/Thick outline/tile_0024.png
Small tiles,Thick outline,25,1,2,16,16,"(1, 1, 15, 15)",69ee8709570115998a3cb81bbca6ba6bd3c3dd0246e577531ae63d297022698a,Assets/Art/Kenney/PixelAdventureUI/Tiles/Small tiles/Thick outline/tile_0025.png
Small tiles,Thick outline,26,1,3,16,16,"(0, 2, 16, 14)",5d2f4f4b2d3cae5bcd1f51396b7653f5734e21a455f06468a4842759584931af,Assets/Art/Kenney/PixelAdventureUI/Tiles/Small tiles/Thick outline/tile_0026.png
Small tiles,Thick outline,27,1,4,16,16,"(0, 2, 16, 14)",33d9d5fe86bcf6d059ff3f75a1b5dbef2bb6b788d41ae71beda9271e2765f405,Assets/Art/Kenney/PixelAdventureUI/Tiles/Small tiles/Thick outline/tile_0027.png
Small tiles,Thick outline,28,1,5,16,16,"(0, 0, 16, 16)",048e76045566c5d42528d947f148ef218f1a3e28c6c38ae87c560f3de1772c70,Assets/Art/Kenney/PixelAdventureUI/Tiles/Small tiles/Thick outline/tile_0028.png
Small tiles,Thick outline,29,1,6,16,16,"(0, 0, 16, 16)",716f13bf3841a15134a2b9cf6516a253ddfdf9c49e6840eb8f51e000386878a3,Assets/Art/Kenney/PixelAdventureUI/Tiles/Small tiles/Thick outline/tile_0029.png
Small tiles,Thick outline,30,1,7,16,16,"(0, 0, 16, 16)",1287abab38c03ab4deae9bc2655656a4d68c9b35e19135e2c2718ae5b5137090,Assets/Art/Kenney/PixelAdventureUI/Tiles/Small tiles/Thick outline/tile_0030.png
Small tiles,Thick outline,31,1,8,16,16,"(4, 3, 12, 13)",5a1b91ac2a2487e705766df132b938559c92b018416c908253cba55f1353d61e,Assets/Art/Kenney/PixelAdventureUI/Tiles/Small tiles/Thick outline/tile_0031.png
Small tiles,Thick outline,32,1,9,16,16,"(3, 3, 13, 13)",bad5dd3ec5644d5a03b747036556fed288282b1c2a009e7d7f5d249aacaaa5f7,Assets/Art/Kenney/PixelAdventureUI/Tiles/Small tiles/Thick outline/tile_0032.png
Small tiles,Thick outline,33,1,10,16,16,"(0, 0, 16, 16)",1aeea35607ca4514cf7828b07a0a19e699bfa528fd9ede28aaef0797680ef8dd,Assets/Art/Kenney/PixelAdventureUI/Tiles/Small tiles/Thick outline/tile_0033.png
Small tiles,Thick outline,34,1,11,16,16,"(0, 0, 16, 16)",bf5f752f0c7affb667959fb6d5f4bdf8e304d5e5dc226b4105ec960b08ec7483,Assets/Art/Kenney/PixelAdventureUI/Tiles/Small tiles/Thick outline/tile_0034.png
Small tiles,Thick outline,35,1,12,16,16,"(0, 0, 16, 16)",a5fa78c5f16b7f9bfd0cb1080fc399c2444a410a9dbfed222b280432a384bb91,Assets/Art/Kenney/PixelAdventureUI/Tiles/Small tiles/Thick outline/tile_0035.png
Small tiles,Thick outline,36,1,13,16,16,"(0, 0, 16, 16)",e18e3ef43d70b4952ca6b9fe44b1d234510a93e83c3071105c421821b5677630,Assets/Art/Kenney/PixelAdventureUI/Tiles/Small tiles/Thick outline/tile_0036.png
Small tiles,Thick outline,37,1,14,16,16,"(0, 0, 16, 16)",b2874442056725f0aae68e5c29bd9137939b6c4be294df60c9b2959f6264f84d,Assets/Art/Kenney/PixelAdventureUI/Tiles/Small tiles/Thick outline/tile_0037.png
Small tiles,Thick outline,38,1,15,16,16,"(0, 0, 16, 16)",beaa25dfb1928e2d6742f61de10de7219175158859ef8aa587f8279bce031901,Assets/Art/Kenney/PixelAdventureUI/Tiles/Small tiles/Thick outline/tile_0038.png
Small tiles,Thick outline,39,1,16,16,16,"(0, 0, 16, 16)",86850d9d881457abff6e08f6f0113f241815f247b547fe8614645be5b24afcfa,Assets/Art/Kenney/PixelAdventureUI/Tiles/Small tiles/Thick outline/tile_0039.png
Small tiles,Thick outline,40,1,17,16,16,"(0, 0, 16, 16)",852b4ae6528ab0f8a2eea89aa62ec335c689a38cd5b65baa31058d8e2c1ab8b9,Assets/Art/Kenney/PixelAdventureUI/Tiles/Small tiles/Thick outline/tile_0040.png
Small tiles,Thick outline,41,1,18,16,16,"(0, 0, 16, 16)",565ea0ea04c99930f13773c614e8abf05b63aef8127f24fc3db04fbe4b89db29,Assets/Art/Kenney/PixelAdventureUI/Tiles/Small tiles/Thick outline/tile_0041.png
Small tiles,Thick outline,42,1,19,16,16,"(0, 0, 16, 16)",05ece7e3d7d1b2410a381a8c264f16eb817278efcb8199fb978333157b4efd09,Assets/Art/Kenney/PixelAdventureUI/Tiles/Small tiles/Thick outline/tile_0042.png
Small tiles,Thick outline,43,1,20,16,16,None,7055b76c0befa453a4d10e8e0be54f47b4d29e99fe8b72084ceb14b7e29ae51c,Assets/Art/Kenney/PixelAdventureUI/Tiles/Small tiles/Thick outline/tile_0043.png
Small tiles,Thick outline,44,1,21,16,16,None,7055b76c0befa453a4d10e8e0be54f47b4d29e99fe8b72084ceb14b7e29ae51c,Assets/Art/Kenney/PixelAdventureUI/Tiles/Small tiles/Thick outline/tile_0044.png
Small tiles,Thick outline,45,1,22,16,16,None,2f4249eaad35cb2d714aa1c2d6ca03d309dd726eecfc77aa4dadf80fbf9913d3,Assets/Art/Kenney/PixelAdventureUI/Tiles/Small tiles/Thick outline/tile_0045.png
Small tiles,Thick outline,46,2,0,16,16,"(1, 1, 15, 15)",1cb1eea38acf2eba5c562150de8142a5758cb3d762fecbd7b34efc2fdf32dd19,Assets/Art/Kenney/PixelAdventureUI/Tiles/Small tiles/Thick outline/tile_0046.png
Small tiles,Thick outline,47,2,1,16,16,"(1, 1, 15, 15)",4088be61baef20cd323562fec3e03127a1a1b3f6aa44d463bd0b8c5be5757515,Assets/Art/Kenney/PixelAdventureUI/Tiles/Small tiles/Thick outline/tile_0047.png
Small tiles,Thick outline,48,2,2,16,16,"(1, 1, 15, 15)",f2e1d85629ba4bf63155ad2044492eb720ef68c6f2c54e7d31b2069a139a9106,Assets/Art/Kenney/PixelAdventureUI/Tiles/Small tiles/Thick outline/tile_0048.png
Small tiles,Thick outline,49,2,3,16,16,"(0, 2, 16, 14)",1a312ec656d6b63a05cf52712d8b8b25cd3fc02e8ff97e2b21eb710b8e494b91,Assets/Art/Kenney/PixelAdventureUI/Tiles/Small tiles/Thick outline/tile_0049.png
Small tiles,Thick outline,50,2,4,16,16,"(0, 2, 16, 14)",d2bfc3791e278dde7eca498419f8838444f1e74c5cfa730c380d7e489ea3de75,Assets/Art/Kenney/PixelAdventureUI/Tiles/Small tiles/Thick outline/tile_0050.png
Small tiles,Thick outline,51,2,5,16,16,"(0, 0, 16, 16)",4a68b2b1b996bf27e6325e55edf5f559b67fe487b74ad01b5119477d10d744fb,Assets/Art/Kenney/PixelAdventureUI/Tiles/Small tiles/Thick outline/tile_0051.png
Small tiles,Thick outline,52,2,6,16,16,"(0, 0, 16, 16)",6c690bd84c6cd95b7f94f53dfd0bf3067e94e526a28658cf7747d0ee4f5cdeb9,Assets/Art/Kenney/PixelAdventureUI/Tiles/Small tiles/Thick outline/tile_0052.png
Small tiles,Thick outline,53,2,7,16,16,"(4, 4, 12, 12)",06350dadf1a4d9673c18ee8e07fa82d371332ccd386104fea54ea1d25815c8d0,Assets/Art/Kenney/PixelAdventureUI/Tiles/Small tiles/Thick outline/tile_0053.png
Small tiles,Thick outline,54,2,8,16,16,"(5, 2, 11, 14)",cde874cbd502c0076febb19610b18dfea261e9e6af678f77d34f9edbe2aea890,Assets/Art/Kenney/PixelAdventureUI/Tiles/Small tiles/Thick outline/tile_0054.png
Small tiles,Thick outline,55,2,9,16,16,"(3, 3, 13, 13)",7af285299ab3ad9595dd7a87f4dd2d6b75c4bc3024be37a1fb4bd31873bf9dcd,Assets/Art/Kenney/PixelAdventureUI/Tiles/Small tiles/Thick outline/tile_0055.png
Small tiles,Thick outline,56,2,10,16,16,"(0, 0, 16, 16)",c9ba4cd0fd2c995e372b15cb58880b91a64e2914699df779d0ee0ce496565b75,Assets/Art/Kenney/PixelAdventureUI/Tiles/Small tiles/Thick outline/tile_0056.png
Small tiles,Thick outline,57,2,11,16,16,"(0, 0, 16, 16)",f14dd5f7c7afc4866a9682371e724674a136b12f2cc196f503fb206e7f5328f2,Assets/Art/Kenney/PixelAdventureUI/Tiles/Small tiles/Thick outline/tile_0057.png
Small tiles,Thick outline,58,2,12,16,16,"(0, 0, 16, 16)",651e48396afdc5bf7b66fb9a87f9498c09be584931e0945985aa86b2a01b32c6,Assets/Art/Kenney/PixelAdventureUI/Tiles/Small tiles/Thick outline/tile_0058.png
Small tiles,Thick outline,59,2,13,16,16,"(0, 0, 16, 16)",e72de760918cf72de60a60478df8ebb9001bcf4abce8912c66193c605dbf205a,Assets/Art/Kenney/PixelAdventureUI/Tiles/Small tiles/Thick outline/tile_0059.png
Small tiles,Thick outline,60,2,14,16,16,"(0, 0, 16, 16)",3485ee987608b527dcb26cfbed181c7a11bfc16da0cfcbe7cf0de192bf163332,Assets/Art/Kenney/PixelAdventureUI/Tiles/Small tiles/Thick outline/tile_0060.png
Small tiles,Thick outline,61,2,15,16,16,"(0, 0, 16, 16)",79135dc68b6c672a595808f73438f07ca8837ca953ae782c1cf0424cf1c47b38,Assets/Art/Kenney/PixelAdventureUI/Tiles/Small tiles/Thick outline/tile_0061.png
Small tiles,Thick outline,62,2,16,16,16,"(0, 0, 16, 16)",5495fc327ca6bc7829008a37876bc1861aca3a2129657b27fdff214950720d3c,Assets/Art/Kenney/PixelAdventureUI/Tiles/Small tiles/Thick outline/tile_0062.png
Small tiles,Thick outline,63,2,17,16,16,"(0, 0, 16, 16)",bc63dfddc6f9e1fbbf18f213e4a2f4694089fa386c5bf5b50ed4e0044432c9ff,Assets/Art/Kenney/PixelAdventureUI/Tiles/Small tiles/Thick outline/tile_0063.png
Small tiles,Thick outline,64,2,18,16,16,"(0, 0, 16, 16)",464a3306bca2bb7b2121720cbebd980a24b5b2ce3605ea168d6cbd6ce317e098,Assets/Art/Kenney/PixelAdventureUI/Tiles/Small tiles/Thick outline/tile_0064.png
Small tiles,Thick outline,65,2,19,16,16,"(0, 0, 16, 16)",73f2c63cde78e2369602450b0f0113f1de09ac0bf4c023e26edb6e9063f18977,Assets/Art/Kenney/PixelAdventureUI/Tiles/Small tiles/Thick outline/tile_0065.png
Small tiles,Thick outline,66,2,20,16,16,None,7055b76c0befa453a4d10e8e0be54f47b4d29e99fe8b72084ceb14b7e29ae51c,Assets/Art/Kenney/PixelAdventureUI/Tiles/Small tiles/Thick outline/tile_0066.png
Small tiles,Thick outline,67,2,21,16,16,None,7055b76c0befa453a4d10e8e0be54f47b4d29e99fe8b72084ceb14b7e29ae51c,Assets/Art/Kenney/PixelAdventureUI/Tiles/Small tiles/Thick outline/tile_0067.png
Small tiles,Thick outline,68,2,22,16,16,None,2f4249eaad35cb2d714aa1c2d6ca03d309dd726eecfc77aa4dadf80fbf9913d3,Assets/Art/Kenney/PixelAdventureUI/Tiles/Small tiles/Thick outline/tile_0068.png
Small tiles,Thick outline,69,3,0,16,16,"(2, 2, 14, 14)",6a3edca5a7b28275a03a81448333c6e5dee4f6bbc3eb63e3bf6f37cf562d4a5e,Assets/Art/Kenney/PixelAdventureUI/Tiles/Small tiles/Thick outline/tile_0069.png
Small tiles,Thick outline,70,3,1,16,16,"(2, 2, 14, 14)",055bc15785c859e623f48fc9b04053a383d2ecd337d06f69da31c52246651499,Assets/Art/Kenney/PixelAdventureUI/Tiles/Small tiles/Thick outline/tile_0070.png
Small tiles,Thick outline,71,3,2,16,16,"(3, 3, 13, 13)",fb7421ff8165a3110a163bf8b0bf36b07eed85af3b4b83484790c098c1e9a109,Assets/Art/Kenney/PixelAdventureUI/Tiles/Small tiles/Thick outline/tile_0071.png
Small tiles,Thick outline,72,3,3,16,16,"(2, 2, 14, 14)",c18a87d2b3f9a26a90ef6bf5ad1b3cd7a15ae33bac663f0aa8733fdc80769e94,Assets/Art/Kenney/PixelAdventureUI/Tiles/Small tiles/Thick outline/tile_0072.png
Small tiles,Thick outline,73,3,4,16,16,"(3, 3, 13, 13)",cd0000e7bfdfbdbac4e87892bd60f95223490c471de9b405594b35cfe56edcf9,Assets/Art/Kenney/PixelAdventureUI/Tiles/Small tiles/Thick outline/tile_0073.png
Small tiles,Thick outline,74,3,5,16,16,"(2, 2, 14, 14)",0859f731502e8bcf7d47d7580d487e10a151df919bdd96e06f5738fab7370115,Assets/Art/Kenney/PixelAdventureUI/Tiles/Small tiles/Thick outline/tile_0074.png
Small tiles,Thick outline,75,3,6,16,16,"(3, 3, 13, 13)",f911fb0ccccb84d8690b883e0c72781ad909f9e3c40420b82a397e3cd8a417d1,Assets/Art/Kenney/PixelAdventureUI/Tiles/Small tiles/Thick outline/tile_0075.png
Small tiles,Thick outline,76,3,7,16,16,"(4, 4, 12, 12)",396fed3e5051e2acbc185b0f6264530a1c316897d349c5de5568663671f03e17,Assets/Art/Kenney/PixelAdventureUI/Tiles/Small tiles/Thick outline/tile_0076.png
Small tiles,Thick outline,77,3,8,16,16,"(5, 2, 11, 14)",22cb9b40b22c5d716cd51a4f3e797a22297a0dd0274be6f254d452cf634e3727,Assets/Art/Kenney/PixelAdventureUI/Tiles/Small tiles/Thick outline/tile_0077.png
Small tiles,Thick outline,78,3,9,16,16,"(3, 3, 13, 13)",961f93e1690e2d2f1cb43990bdab5c9a066395b6cb6af0ea31eec59825cd0858,Assets/Art/Kenney/PixelAdventureUI/Tiles/Small tiles/Thick outline/tile_0078.png
Small tiles,Thick outline,79,3,10,16,16,"(0, 0, 16, 16)",a82d700e3be7f67582a538b6d0476ebe79a9ffa097f11a5637b79c1c4116bf74,Assets/Art/Kenney/PixelAdventureUI/Tiles/Small tiles/Thick outline/tile_0079.png
Small tiles,Thick outline,80,3,11,16,16,"(0, 0, 16, 16)",2d6e985b3b542764a99a223795868d239922e1304fbff4cc1a1b48df07adef4b,Assets/Art/Kenney/PixelAdventureUI/Tiles/Small tiles/Thick outline/tile_0080.png
Small tiles,Thick outline,81,3,12,16,16,"(0, 0, 16, 16)",e4daa26650a7a3d4aaeec72bc1b49c77f5e3a969855513d848c70e8de3360c26,Assets/Art/Kenney/PixelAdventureUI/Tiles/Small tiles/Thick outline/tile_0081.png
Small tiles,Thick outline,82,3,13,16,16,"(0, 0, 16, 16)",18e76f6bc01fa7ffbfec624b3d0b6ba0778a0104f7a2448e95fa5ab3a7a57f32,Assets/Art/Kenney/PixelAdventureUI/Tiles/Small tiles/Thick outline/tile_0082.png
Small tiles,Thick outline,83,3,14,16,16,"(0, 0, 16, 15)",b65359104b6751508e13570971e49b302507aa21258da03989cb2614cdbee9ee,Assets/Art/Kenney/PixelAdventureUI/Tiles/Small tiles/Thick outline/tile_0083.png
Small tiles,Thick outline,84,3,15,16,16,"(0, 3, 16, 15)",8a4ff0f63d404665bcc50bd890de8964b0d11352154134b7b5bd98e6fcfd195a,Assets/Art/Kenney/PixelAdventureUI/Tiles/Small tiles/Thick outline/tile_0084.png
Small tiles,Thick outline,85,3,16,16,16,"(0, 0, 16, 15)",ae21f3dd26a33d561c380f76e83ce827356a1a2b385d243e8afc5522cdf13449,Assets/Art/Kenney/PixelAdventureUI/Tiles/Small tiles/Thick outline/tile_0085.png
Small tiles,Thick outline,86,3,17,16,16,"(1, 1, 16, 16)",356350f2f4b1ac1a5572071cc03aedd83084a0c4fca74f91b97cc26372b2f2ef,Assets/Art/Kenney/PixelAdventureUI/Tiles/Small tiles/Thick outline/tile_0086.png
Small tiles,Thick outline,87,3,18,16,16,"(0, 1, 15, 16)",5451240e3895709cd780c4e2cf165cd34c6768a9b33f10d3c280bd3edd32540e,Assets/Art/Kenney/PixelAdventureUI/Tiles/Small tiles/Thick outline/tile_0087.png
Small tiles,Thick outline,88,3,19,16,16,"(1, 1, 16, 16)",90066fb4456dc68366178a299b502995fbd7dc833d63b12b6a84a728b7ba0ce3,Assets/Art/Kenney/PixelAdventureUI/Tiles/Small tiles/Thick outline/tile_0088.png
Small tiles,Thick outline,89,3,20,16,16,"(0, 1, 15, 16)",ebc4d8795875b7bfe15c2e53f001d26d5e0d47190d987814f9a0141bf72f32a0,Assets/Art/Kenney/PixelAdventureUI/Tiles/Small tiles/Thick outline/tile_0089.png
Small tiles,Thick outline,90,3,21,16,16,"(1, 1, 16, 16)",d48012f8a397ed212ae1f4b76d41ec88296398c34456c639717b5dbf25955638,Assets/Art/Kenney/PixelAdventureUI/Tiles/Small tiles/Thick outline/tile_0090.png
Small tiles,Thick outline,91,3,22,16,16,"(0, 1, 15, 16)",9570adbd8319e7710bc4f75cdb959a484eaef58eb0eb328fb36a67bfa4e4b380,Assets/Art/Kenney/PixelAdventureUI/Tiles/Small tiles/Thick outline/tile_0091.png
Small tiles,Thick outline,92,4,0,16,16,"(2, 0, 14, 16)",36b66ec32543fc3dafba70152c3c1f84205b6782afe89862421599f50fa91f0d,Assets/Art/Kenney/PixelAdventureUI/Tiles/Small tiles/Thick outline/tile_0092.png
Small tiles,Thick outline,93,4,1,16,16,"(2, 0, 14, 16)",0c5a3c516b331a9189f743dde30841aa6a928e3b657634a079399dee5c3f4c21,Assets/Art/Kenney/PixelAdventureUI/Tiles/Small tiles/Thick outline/tile_0093.png
Small tiles,Thick outline,94,4,2,16,16,"(3, 1, 13, 15)",c05dd5eb2a3ef5741e46ce574755e31408930dee9b1a726c949129264f20f41f,Assets/Art/Kenney/PixelAdventureUI/Tiles/Small tiles/Thick outline/tile_0094.png
Small tiles,Thick outline,95,4,3,16,16,"(2, 0, 14, 16)",6e5ecd4367560c36d60fb85eb75bcac2782917d66568a63bb64c92d1bba6f621,Assets/Art/Kenney/PixelAdventureUI/Tiles/Small tiles/Thick outline/tile_0095.png
Small tiles,Thick outline,96,4,4,16,16,"(3, 1, 13, 15)",f4471c7337562c19cd34d2edb1107749f8d0bdc7f1c894ea3ae0a979e4ada687,Assets/Art/Kenney/PixelAdventureUI/Tiles/Small tiles/Thick outline/tile_0096.png
Small tiles,Thick outline,97,4,5,16,16,"(2, 0, 14, 16)",deb1b061b5faff8ef4465968c02b7cf00275fcf7adc1e7626d6433a9eea50525,Assets/Art/Kenney/PixelAdventureUI/Tiles/Small tiles/Thick outline/tile_0097.png
Small tiles,Thick outline,98,4,6,16,16,"(3, 1, 13, 15)",20cd88b04d699deb54095004b60915ce6f2f58306c21784456e6eedaa329d0dc,Assets/Art/Kenney/PixelAdventureUI/Tiles/Small tiles/Thick outline/tile_0098.png
Small tiles,Thick outline,99,4,7,16,16,"(4, 4, 12, 12)",cb4ec971652a3bf2c583ec8947265936f5786c1d0d37431c22372ae3047cf41f,Assets/Art/Kenney/PixelAdventureUI/Tiles/Small tiles/Thick outline/tile_0099.png
Small tiles,Thick outline,100,4,8,16,16,"(5, 2, 11, 14)",50681836a7db14efe7eda5f847f611d41384293c87d2632482bc14b62a090e20,Assets/Art/Kenney/PixelAdventureUI/Tiles/Small tiles/Thick outline/tile_0100.png
Small tiles,Thick outline,101,4,9,16,16,"(3, 3, 13, 13)",bbd3b7c44cc1c67ff94df8f12cd41eadfffafedfd1af8102a32740c4d374b8aa,Assets/Art/Kenney/PixelAdventureUI/Tiles/Small tiles/Thick outline/tile_0101.png
Small tiles,Thick outline,102,4,10,16,16,"(0, 0, 16, 16)",9ddc14340ca4dcad80d785e7b1eb1f6170275e5868e349c426e5a637d1322034,Assets/Art/Kenney/PixelAdventureUI/Tiles/Small tiles/Thick outline/tile_0102.png
Small tiles,Thick outline,103,4,11,16,16,"(0, 0, 16, 16)",ca3399effe30ebc2a514155badf6f5dfe27b56c6419879d2e3c9b8ed4ad00b9e,Assets/Art/Kenney/PixelAdventureUI/Tiles/Small tiles/Thick outline/tile_0103.png
Small tiles,Thick outline,104,4,12,16,16,"(0, 0, 16, 16)",b08662c00b653921c17c7a4d645b307a25b94c7a7a1c12d15e96d860ae98907d,Assets/Art/Kenney/PixelAdventureUI/Tiles/Small tiles/Thick outline/tile_0104.png
Small tiles,Thick outline,105,4,13,16,16,"(0, 0, 16, 16)",4de7d733b366efdfc8aed2da3c049f165949e1d4fea38210865a2c1d7cf248d9,Assets/Art/Kenney/PixelAdventureUI/Tiles/Small tiles/Thick outline/tile_0105.png
Small tiles,Thick outline,106,4,14,16,16,"(1, 0, 16, 16)",5030480c0ea36d8e887ae706dc6e36ef2b881248fcf52a64e7269e97c40878d5,Assets/Art/Kenney/PixelAdventureUI/Tiles/Small tiles/Thick outline/tile_0106.png
Small tiles,Thick outline,107,4,15,16,16,"(0, 2, 16, 14)",ce9413a46d93f27896dc4f9c3cca19b14ad053b8d26030b11578249bb6cd9504,Assets/Art/Kenney/PixelAdventureUI/Tiles/Small tiles/Thick outline/tile_0107.png
Small tiles,Thick outline,108,4,16,16,16,"(0, 0, 15, 16)",272572f5d49e91b614b76e7448901be7be983f505417922cdad546a8103275e8,Assets/Art/Kenney/PixelAdventureUI/Tiles/Small tiles/Thick outline/tile_0108.png
Small tiles,Thick outline,109,4,17,16,16,"(1, 0, 16, 15)",60ada69ec11ad2bae881595af475a1432c7e6cb1a1929eec2bd23b9e909c0778,Assets/Art/Kenney/PixelAdventureUI/Tiles/Small tiles/Thick outline/tile_0109.png
Small tiles,Thick outline,110,4,18,16,16,"(0, 0, 15, 15)",c23d17dd9571d5a951e4e0bc97774b42c7bbaba870c4e6b58995715b4cc43031,Assets/Art/Kenney/PixelAdventureUI/Tiles/Small tiles/Thick outline/tile_0110.png
Small tiles,Thick outline,111,4,19,16,16,"(1, 0, 16, 15)",9cc9ff3484213f35d0af77b86e41e6bc05dcb8c11550f886e745a86dabb65bbb,Assets/Art/Kenney/PixelAdventureUI/Tiles/Small tiles/Thick outline/tile_0111.png
Small tiles,Thick outline,112,4,20,16,16,"(0, 0, 15, 15)",26197640bc332a589627e6885698da977a0c19eda765a42ee722601e3a28b714,Assets/Art/Kenney/PixelAdventureUI/Tiles/Small tiles/Thick outline/tile_0112.png
Small tiles,Thick outline,113,4,21,16,16,"(1, 0, 16, 15)",f47048991c345dfea390088d29f66fb14d9d4a29b377c6a6af37256ae9ff97fe,Assets/Art/Kenney/PixelAdventureUI/Tiles/Small tiles/Thick outline/tile_0113.png
Small tiles,Thick outline,114,4,22,16,16,"(0, 0, 15, 15)",3b6ae8663958e8b46114aa688118a5c1e230c177251807a3b335cf8f4e8d1741,Assets/Art/Kenney/PixelAdventureUI/Tiles/Small tiles/Thick outline/tile_0114.png
Small tiles,Thick outline,115,5,0,16,16,"(3, 2, 13, 16)",0a1a5173cf90a31b399dbf5e6e40c12fb371f234633de9befbb01b1169453ccf,Assets/Art/Kenney/PixelAdventureUI/Tiles/Small tiles/Thick outline/tile_0115.png
Small tiles,Thick outline,116,5,1,16,16,"(3, 2, 13, 14)",d7327deb8a064d9e4ce441d1ce44598ea4ee7731114ff0ad20c034103b358f64,Assets/Art/Kenney/PixelAdventureUI/Tiles/Small tiles/Thick outline/tile_0116.png
Small tiles,Thick outline,117,5,2,16,16,"(3, 2, 13, 16)",e4df07a521e8fe631fca5109b5901dd97f4c3e4071dde90c0a0671591d2855b3,Assets/Art/Kenney/PixelAdventureUI/Tiles/Small tiles/Thick outline/tile_0117.png
Small tiles,Thick outline,118,5,3,16,16,"(3, 2, 13, 14)",bb587816f2b827c7953a2037b5db093e613f20a0711669aadb4cfb70f1fd99f2,Assets/Art/Kenney/PixelAdventureUI/Tiles/Small tiles/Thick outline/tile_0118.png
Small tiles,Thick outline,119,5,4,16,16,"(3, 1, 13, 16)",aaf6effb6de7b04bb84f66142185b6a4f7914917e0612d0e901c6aab184e4144,Assets/Art/Kenney/PixelAdventureUI/Tiles/Small tiles/Thick outline/tile_0119.png
Small tiles,Thick outline,120,5,5,16,16,"(3, 1, 13, 15)",a04c68c91a23089df65ee4720aec03c86b649326ecd8990643d1e5457ef9dd32,Assets/Art/Kenney/PixelAdventureUI/Tiles/Small tiles/Thick outline/tile_0120.png
Small tiles,Thick outline,121,5,6,16,16,"(3, 1, 13, 16)",2d238c9f238e3912999e66df26eb600a0f3b4a5cb8cda1dafd055157e46c951b,Assets/Art/Kenney/PixelAdventureUI/Tiles/Small tiles/Thick outline/tile_0121.png
Small tiles,Thick outline,122,5,7,16,16,"(3, 1, 13, 15)",aa8cb03a5b1d6cf0a82d060c07ca5dd62dac523276bfb2a152f2b9c7578be582,Assets/Art/Kenney/PixelAdventureUI/Tiles/Small tiles/Thick outline/tile_0122.png
Small tiles,Thick outline,123,5,8,16,16,"(3, 3, 13, 13)",a8c84e333ed532dc3ceb914ee3db11530867e34d783feb5018bef8fc3a4ef926,Assets/Art/Kenney/PixelAdventureUI/Tiles/Small tiles/Thick outline/tile_0123.png
Small tiles,Thick outline,124,5,9,16,16,"(3, 3, 13, 13)",bc66cfe84c1811afb056b61e837650ff301c2b3408a17eafd1c2f40e6aa4785b,Assets/Art/Kenney/PixelAdventureUI/Tiles/Small tiles/Thick outline/tile_0124.png
Small tiles,Thick outline,125,5,10,16,16,"(0, 1, 16, 15)",e8c8a7ebbf23d86bb51489533f312116855aaee4fa9acd8cbe4b219c23b08330,Assets/Art/Kenney/PixelAdventureUI/Tiles/Small tiles/Thick outline/tile_0125.png
Small tiles,Thick outline,126,5,11,16,16,"(0, 1, 16, 15)",c740d3808ce882227e8a4ac76e76cae44bcf6b438f2bba04d4bc9f2c5efa3de5,Assets/Art/Kenney/PixelAdventureUI/Tiles/Small tiles/Thick outline/tile_0126.png
Small tiles,Thick outline,127,5,12,16,16,"(0, 1, 16, 15)",178d5d2ead2a5395c1fc4336d87e554c5b228ef8d8bf688a63a4c365e8e4f63f,Assets/Art/Kenney/PixelAdventureUI/Tiles/Small tiles/Thick outline/tile_0127.png
Small tiles,Thick outline,128,5,13,16,16,"(0, 1, 16, 15)",03dc96459c3f8a7b5634f54dd8df4a6eb76f4acd8c450ffd2062370a8c9843ce,Assets/Art/Kenney/PixelAdventureUI/Tiles/Small tiles/Thick outline/tile_0128.png
Small tiles,Thick outline,129,5,14,16,16,"(1, 1, 16, 15)",86f911653722a1119536cf916fe1274276dc959c1b14a0483a4169f5770ca5bc,Assets/Art/Kenney/PixelAdventureUI/Tiles/Small tiles/Thick outline/tile_0129.png
Small tiles,Thick outline,130,5,15,16,16,"(0, 0, 16, 16)",bb9138fdec96b22df27f4cb22a78d4e61e630fa493c68883df358e8a96b42672,Assets/Art/Kenney/PixelAdventureUI/Tiles/Small tiles/Thick outline/tile_0130.png
Small tiles,Thick outline,131,5,16,16,16,"(0, 1, 15, 15)",6de8fc16eaa29cd605b6078c94412fda7aa84ecec58655d69c2221f38a0f8ef2,Assets/Art/Kenney/PixelAdventureUI/Tiles/Small tiles/Thick outline/tile_0131.png
Small tiles,Thick outline,132,5,17,16,16,"(1, 1, 16, 16)",19cac5f4be00ebc0982d79406e85c181b317e367e272ff83f534f8c9a06138fd,Assets/Art/Kenney/PixelAdventureUI/Tiles/Small tiles/Thick outline/tile_0132.png
Small tiles,Thick outline,133,5,18,16,16,"(0, 1, 15, 16)",bdddd5bb0c3fe87311d440c49004bc264f1164909dcaf17cdf007c1258bca6a3,Assets/Art/Kenney/PixelAdventureUI/Tiles/Small tiles/Thick outline/tile_0133.png
Small tiles,Thick outline,134,5,19,16,16,"(1, 1, 16, 16)",ae22d4f86392e4d66fd31b462b9417b8463231d45009887927bb9314929b25cd,Assets/Art/Kenney/PixelAdventureUI/Tiles/Small tiles/Thick outline/tile_0134.png
Small tiles,Thick outline,135,5,20,16,16,"(0, 1, 15, 16)",38cf92e9f794355a74af646d8e5c2de3d67db40d53478883975d9eb4a77b6ea2,Assets/Art/Kenney/PixelAdventureUI/Tiles/Small tiles/Thick outline/tile_0135.png
Small tiles,Thick outline,136,5,21,16,16,"(1, 1, 16, 16)",16cc202328e3b25c5da9e93cf12769526806af909433862912f3dbd49e454543,Assets/Art/Kenney/PixelAdventureUI/Tiles/Small tiles/Thick outline/tile_0136.png
Small tiles,Thick outline,137,5,22,16,16,"(0, 1, 15, 16)",86c99ddf75a7244aad4a143366ef9fa6da29ad191f8d5a40a436ebab52050837,Assets/Art/Kenney/PixelAdventureUI/Tiles/Small tiles/Thick outline/tile_0137.png
Small tiles,Thick outline,138,6,0,16,16,"(3, 0, 13, 16)",7d6368c9c9d411ff69f2a86b914830f95872b6c7d6e6e1fd2c70f18e458324f2,Assets/Art/Kenney/PixelAdventureUI/Tiles/Small tiles/Thick outline/tile_0138.png
Small tiles,Thick outline,139,6,1,16,16,"(3, 0, 13, 14)",da074155d0baa4a8580477077bc1567443c8e006c2f3487a05cdea394238f6d3,Assets/Art/Kenney/PixelAdventureUI/Tiles/Small tiles/Thick outline/tile_0139.png
Small tiles,Thick outline,140,6,2,16,16,"(3, 0, 13, 16)",db1cb15c44bc59456cef717876d38c55d55b1a7f0d5906017ee04e7f96f3fcff,Assets/Art/Kenney/PixelAdventureUI/Tiles/Small tiles/Thick outline/tile_0140.png
Small tiles,Thick outline,141,6,3,16,16,"(3, 0, 13, 14)",0060d4dff4725962884d0a0508eae4b2c6a03f56fc8f308576737df475458560,Assets/Art/Kenney/PixelAdventureUI/Tiles/Small tiles/Thick outline/tile_0141.png
Small tiles,Thick outline,142,6,4,16,16,"(3, 0, 13, 16)",db1cb15c44bc59456cef717876d38c55d55b1a7f0d5906017ee04e7f96f3fcff,Assets/Art/Kenney/PixelAdventureUI/Tiles/Small tiles/Thick outline/tile_0142.png
Small tiles,Thick outline,143,6,5,16,16,"(3, 0, 13, 15)",b6a3461336a765d7b74a88c1b440d4be0e26e698ad343cf7423ca047647a0d64,Assets/Art/Kenney/PixelAdventureUI/Tiles/Small tiles/Thick outline/tile_0143.png
Small tiles,Thick outline,144,6,6,16,16,"(3, 0, 13, 16)",b3854ae151a1685b1e699ed31e38444f3fbe2fcdbce9381cff1f1adc7091d471,Assets/Art/Kenney/PixelAdventureUI/Tiles/Small tiles/Thick outline/tile_0144.png
Small tiles,Thick outline,145,6,7,16,16,"(3, 0, 13, 15)",d98d747d38ff568355da2a962dc02590109776e60ca896675e43e2afcd89093d,Assets/Art/Kenney/PixelAdventureUI/Tiles/Small tiles/Thick outline/tile_0145.png
Small tiles,Thick outline,146,6,8,16,16,"(3, 3, 13, 13)",2f8fd1ec1535da05d985edbee8c0503fea4322b20f15a7b47152c22b471a1cab,Assets/Art/Kenney/PixelAdventureUI/Tiles/Small tiles/Thick outline/tile_0146.png
Small tiles,Thick outline,147,6,9,16,16,"(2, 3, 14, 13)",2613dd3e7ed8b37ec2696548d934d75ca40ffd4059a95935915f7d565eec3977,Assets/Art/Kenney/PixelAdventureUI/Tiles/Small tiles/Thick outline/tile_0147.png
Small tiles,Thick outline,148,6,10,16,16,"(0, 1, 16, 15)",b3d04b88f4c6bcb805a6f7dfff17da8f34344825da902caf967effe375a05b5e,Assets/Art/Kenney/PixelAdventureUI/Tiles/Small tiles/Thick outline/tile_0148.png
Small tiles,Thick outline,149,6,11,16,16,"(0, 1, 16, 15)",ec99a982e534e1133bf6e30dfc482f9cb126e6a652bd96f3d262efb577fd2480,Assets/Art/Kenney/PixelAdventureUI/Tiles/Small tiles/Thick outline/tile_0149.png
Small tiles,Thick outline,150,6,12,16,16,"(0, 0, 16, 16)",c271110494394daaf7269f72fadcfcafc80c0766b3cf955bea00b726f7f3e648,Assets/Art/Kenney/PixelAdventureUI/Tiles/Small tiles/Thick outline/tile_0150.png
Small tiles,Thick outline,151,6,13,16,16,"(0, 0, 16, 16)",549ddda3652bae88f41c18ad47b4739d83967063b6e74a678e3347c430719d8d,Assets/Art/Kenney/PixelAdventureUI/Tiles/Small tiles/Thick outline/tile_0151.png
Small tiles,Thick outline,152,6,14,16,16,"(1, 1, 16, 15)",28784c22a7290375e81bd08166908131060ac25088e82a3d670b1439ce9fbb1b,Assets/Art/Kenney/PixelAdventureUI/Tiles/Small tiles/Thick outline/tile_0152.png
Small tiles,Thick outline,153,6,15,16,16,"(0, 1, 16, 15)",7b5fe39453e33d15dd06176ecfa09831d8a7ad7d4e0be516066057716a5a57b6,Assets/Art/Kenney/PixelAdventureUI/Tiles/Small tiles/Thick outline/tile_0153.png
Small tiles,Thick outline,154,6,16,16,16,"(0, 1, 15, 15)",b3e132b8cb9a2efd97aa17def7ac465d81c6afd62a1311f9f8f8d74079d1d403,Assets/Art/Kenney/PixelAdventureUI/Tiles/Small tiles/Thick outline/tile_0154.png
Small tiles,Thick outline,155,6,17,16,16,"(1, 0, 16, 15)",a2009f3270282fbd253aa802f422ded7a8eea9fdd57873d91639298b94e1e4e7,Assets/Art/Kenney/PixelAdventureUI/Tiles/Small tiles/Thick outline/tile_0155.png
Small tiles,Thick outline,156,6,18,16,16,"(0, 0, 15, 15)",8c4983f523b76d08ce713d2f98cdaed8c06275655a97cb460dca98cd4bec79d8,Assets/Art/Kenney/PixelAdventureUI/Tiles/Small tiles/Thick outline/tile_0156.png
Small tiles,Thick outline,157,6,19,16,16,"(1, 0, 16, 15)",2457aaa035b43795fa6a1940e0fb8e6106970df5e0307180a5d54bf1aa762315,Assets/Art/Kenney/PixelAdventureUI/Tiles/Small tiles/Thick outline/tile_0157.png
Small tiles,Thick outline,158,6,20,16,16,"(0, 0, 15, 15)",230a8cf8778a4c54c5009944f9ea6220337d528d4ea09bf5d8b70b31338d6444,Assets/Art/Kenney/PixelAdventureUI/Tiles/Small tiles/Thick outline/tile_0158.png
Small tiles,Thick outline,159,6,21,16,16,"(1, 0, 16, 15)",7de00685c337710a5cec56358302e45c76c222e679a92188567b2394d3f8dd28,Assets/Art/Kenney/PixelAdventureUI/Tiles/Small tiles/Thick outline/tile_0159.png
Small tiles,Thick outline,160,6,22,16,16,"(0, 0, 15, 15)",095848d9f9c15ee6f1de43d8c623d5186b219bfaf158f3ac8ffad1ff2e6eb6e8,Assets/Art/Kenney/PixelAdventureUI/Tiles/Small tiles/Thick outline/tile_0160.png
Small tiles,Thin outline,0,0,0,16,16,"(2, 2, 14, 14)",1e8e9cf366ce7c6d03da334ae0412a39beb6ce7bb29cce77fbf67910bcebd250,Assets/Art/Kenney/PixelAdventureUI/Tiles/Small tiles/Thin outline/tile_0000.png
Small tiles,Thin outline,1,0,1,16,16,"(2, 2, 14, 14)",3a0da15ec4b12b14689f8b9432c83674d81f708037e822e7375931014586a9fa,Assets/Art/Kenney/PixelAdventureUI/Tiles/Small tiles/Thin outline/tile_0001.png
Small tiles,Thin outline,2,0,2,16,16,"(2, 2, 14, 14)",add513d2c01d150fca45e5196e6727d922402c9c6de371fb10637e65a202f4ba,Assets/Art/Kenney/PixelAdventureUI/Tiles/Small tiles/Thin outline/tile_0002.png
Small tiles,Thin outline,3,0,3,16,16,"(0, 3, 16, 13)",eafb246ca93ba6ca844a641d66500ba527844f8cdda2d0ae2ddfbdf07e1b260e,Assets/Art/Kenney/PixelAdventureUI/Tiles/Small tiles/Thin outline/tile_0003.png
Small tiles,Thin outline,4,0,4,16,16,"(0, 3, 16, 13)",bc76c693e2332528d335d5e4497fb147de6509fbddce10c082195cf4eb205394,Assets/Art/Kenney/PixelAdventureUI/Tiles/Small tiles/Thin outline/tile_0004.png
Small tiles,Thin outline,5,0,5,16,16,"(0, 0, 16, 16)",c9b912fd13566dc831c68b5e431020093185eb93d91c841110d5028c8ba53dce,Assets/Art/Kenney/PixelAdventureUI/Tiles/Small tiles/Thin outline/tile_0005.png
Small tiles,Thin outline,6,0,6,16,16,"(0, 0, 16, 16)",edb16c604366ccbfe598b3dcd0fbdcd83b4663454d05f22d83af4466dca2781d,Assets/Art/Kenney/PixelAdventureUI/Tiles/Small tiles/Thin outline/tile_0006.png
Small tiles,Thin outline,7,0,7,16,16,"(0, 0, 16, 16)",65e0f47a6348efb2459bd2fbd21727a48ed5ce79cd1c88db6b66d5bc60b3c730,Assets/Art/Kenney/PixelAdventureUI/Tiles/Small tiles/Thin outline/tile_0007.png
Small tiles,Thin outline,8,0,8,16,16,"(4, 4, 12, 12)",d60b23e4496e08b4a28a947d1c58844d5848f18baeb61645a377d413b79d7e1a,Assets/Art/Kenney/PixelAdventureUI/Tiles/Small tiles/Thin outline/tile_0008.png
Small tiles,Thin outline,9,0,9,16,16,"(4, 3, 12, 13)",6bb0b9ca024d6caf24b57c6705b318c3572341a27b2d0042b726d8f9aeee001b,Assets/Art/Kenney/PixelAdventureUI/Tiles/Small tiles/Thin outline/tile_0009.png
Small tiles,Thin outline,10,0,10,16,16,"(0, 0, 16, 16)",72d54644f6cd10a79c5b56e115d7a27893244e4bac376e050268019192fcd3c8,Assets/Art/Kenney/PixelAdventureUI/Tiles/Small tiles/Thin outline/tile_0010.png
Small tiles,Thin outline,11,0,11,16,16,"(0, 0, 16, 16)",d5a6b2aeec55dfb0ae10256642af7dd019eecede4eb022814f408e05a9588a16,Assets/Art/Kenney/PixelAdventureUI/Tiles/Small tiles/Thin outline/tile_0011.png
Small tiles,Thin outline,12,0,12,16,16,"(0, 0, 16, 16)",4bf07aad09c7f204ab8c141626862be0521c8758579f2a7089f583c6fda98050,Assets/Art/Kenney/PixelAdventureUI/Tiles/Small tiles/Thin outline/tile_0012.png
Small tiles,Thin outline,13,0,13,16,16,"(0, 0, 16, 16)",2b04321b512ba21e3af340940ab0073e3fb231d1929d38ac61a897e36a6a0793,Assets/Art/Kenney/PixelAdventureUI/Tiles/Small tiles/Thin outline/tile_0013.png
Small tiles,Thin outline,14,0,14,16,16,"(0, 0, 16, 16)",e762ba7ee9e452a50dcf2ea76a6407cce28c153f9ec74124ac29103cbecb48cf,Assets/Art/Kenney/PixelAdventureUI/Tiles/Small tiles/Thin outline/tile_0014.png
Small tiles,Thin outline,15,0,15,16,16,"(0, 0, 16, 16)",286148c81e7127cfb869cb91663fe4bc01c09e32eede4263b1f986c2d62bb3ff,Assets/Art/Kenney/PixelAdventureUI/Tiles/Small tiles/Thin outline/tile_0015.png
Small tiles,Thin outline,16,0,16,16,16,"(0, 0, 16, 16)",2da8909fa28a87c60cdbce39468edbed4197619b675eaafee7f9e7b9a9356141,Assets/Art/Kenney/PixelAdventureUI/Tiles/Small tiles/Thin outline/tile_0016.png
Small tiles,Thin outline,17,0,17,16,16,"(0, 0, 16, 16)",b8f7267115b1f19c307da069381c58338965f108b4ac913eb4641ae826e0124f,Assets/Art/Kenney/PixelAdventureUI/Tiles/Small tiles/Thin outline/tile_0017.png
Small tiles,Thin outline,18,0,18,16,16,"(0, 0, 16, 16)",66b025b7665aef8a85a18e8112a886de901e9717b77fa4816b2199eeedff447f,Assets/Art/Kenney/PixelAdventureUI/Tiles/Small tiles/Thin outline/tile_0018.png
Small tiles,Thin outline,19,0,19,16,16,"(0, 0, 16, 16)",16b656d317ccc6bd7edc7f9c99698a270a9946a1d9470ae41832e3c9910f4c46,Assets/Art/Kenney/PixelAdventureUI/Tiles/Small tiles/Thin outline/tile_0019.png
Small tiles,Thin outline,20,0,20,16,16,None,7055b76c0befa453a4d10e8e0be54f47b4d29e99fe8b72084ceb14b7e29ae51c,Assets/Art/Kenney/PixelAdventureUI/Tiles/Small tiles/Thin outline/tile_0020.png
Small tiles,Thin outline,21,0,21,16,16,None,7055b76c0befa453a4d10e8e0be54f47b4d29e99fe8b72084ceb14b7e29ae51c,Assets/Art/Kenney/PixelAdventureUI/Tiles/Small tiles/Thin outline/tile_0021.png
Small tiles,Thin outline,22,0,22,16,16,None,7055b76c0befa453a4d10e8e0be54f47b4d29e99fe8b72084ceb14b7e29ae51c,Assets/Art/Kenney/PixelAdventureUI/Tiles/Small tiles/Thin outline/tile_0022.png
Small tiles,Thin outline,23,1,0,16,16,"(2, 2, 14, 14)",7d836ecff2660e7aff33e99395eb2b77fad924725e8384790e6324d079eaf274,Assets/Art/Kenney/PixelAdventureUI/Tiles/Small tiles/Thin outline/tile_0023.png
Small tiles,Thin outline,24,1,1,16,16,"(2, 2, 14, 14)",90dcc1c0b5e41d434e9c1082c76a133fba6334b6b59f182cf9550fbcf1080252,Assets/Art/Kenney/PixelAdventureUI/Tiles/Small tiles/Thin outline/tile_0024.png
Small tiles,Thin outline,25,1,2,16,16,"(2, 2, 14, 14)",200985e6799a07b711b54afbc15a6d96b2bec8b95cd9b97debb09e7d304c0bce,Assets/Art/Kenney/PixelAdventureUI/Tiles/Small tiles/Thin outline/tile_0025.png
Small tiles,Thin outline,26,1,3,16,16,"(0, 3, 16, 13)",2504235edfc24ca4334187072e402b3b48819e48d9e3dccba5b62af804100375,Assets/Art/Kenney/PixelAdventureUI/Tiles/Small tiles/Thin outline/tile_0026.png
Small tiles,Thin outline,27,1,4,16,16,"(0, 3, 16, 13)",6026b4c007a2c47cd415ab00c024fc0250eb711beabd0508dc46c8a2e5b849b3,Assets/Art/Kenney/PixelAdventureUI/Tiles/Small tiles/Thin outline/tile_0027.png
Small tiles,Thin outline,28,1,5,16,16,"(0, 0, 16, 16)",048e76045566c5d42528d947f148ef218f1a3e28c6c38ae87c560f3de1772c70,Assets/Art/Kenney/PixelAdventureUI/Tiles/Small tiles/Thin outline/tile_0028.png
Small tiles,Thin outline,29,1,6,16,16,"(0, 0, 16, 16)",716f13bf3841a15134a2b9cf6516a253ddfdf9c49e6840eb8f51e000386878a3,Assets/Art/Kenney/PixelAdventureUI/Tiles/Small tiles/Thin outline/tile_0029.png
Small tiles,Thin outline,30,1,7,16,16,"(0, 0, 16, 16)",1287abab38c03ab4deae9bc2655656a4d68c9b35e19135e2c2718ae5b5137090,Assets/Art/Kenney/PixelAdventureUI/Tiles/Small tiles/Thin outline/tile_0030.png
Small tiles,Thin outline,31,1,8,16,16,"(5, 4, 11, 12)",78f415533120c1a106620f444bb4730985aa5129736ae1865eff693841bdb64a,Assets/Art/Kenney/PixelAdventureUI/Tiles/Small tiles/Thin outline/tile_0031.png
Small tiles,Thin outline,32,1,9,16,16,"(4, 4, 12, 12)",23736380ccfcdd611502725273f595beb9d63f3eeddb7f3ba72ca38a18de3ee2,Assets/Art/Kenney/PixelAdventureUI/Tiles/Small tiles/Thin outline/tile_0032.png
Small tiles,Thin outline,33,1,10,16,16,"(0, 0, 16, 16)",497f8c01cde37e54bf6bed3e8a4bdaad4319e1ed9c3c191e7a89a0194f6985b1,Assets/Art/Kenney/PixelAdventureUI/Tiles/Small tiles/Thin outline/tile_0033.png
Small tiles,Thin outline,34,1,11,16,16,"(0, 0, 16, 16)",d0321a80dae17368e364e836503ea788509e9ec3c70d8fa9a4f889a7370c80d5,Assets/Art/Kenney/PixelAdventureUI/Tiles/Small tiles/Thin outline/tile_0034.png
Small tiles,Thin outline,35,1,12,16,16,"(0, 0, 16, 16)",067254b7c7a52cfbe41aa03d1c3c08abf4c44022a7e0e50ccefd3e6df89f85fe,Assets/Art/Kenney/PixelAdventureUI/Tiles/Small tiles/Thin outline/tile_0035.png
Small tiles,Thin outline,36,1,13,16,16,"(0, 0, 16, 16)",a56aedf01f55db45b9d0556b137d7dc44d15967c8a2e7d867959aec4c3d2837c,Assets/Art/Kenney/PixelAdventureUI/Tiles/Small tiles/Thin outline/tile_0036.png
Small tiles,Thin outline,37,1,14,16,16,"(0, 0, 16, 16)",237d4fa502526fdd6904dfd446ea3a51cf5052a362b35cbeffeae572d97ead9b,Assets/Art/Kenney/PixelAdventureUI/Tiles/Small tiles/Thin outline/tile_0037.png
Small tiles,Thin outline,38,1,15,16,16,"(0, 0, 16, 16)",899e62c4c68316723a16b78b20f6adc5922a81f5d7e048ad179b56d10a9b28a6,Assets/Art/Kenney/PixelAdventureUI/Tiles/Small tiles/Thin outline/tile_0038.png
Small tiles,Thin outline,39,1,16,16,16,"(0, 0, 16, 16)",d4522314d36f983792184e283f548c0715742d4789681728e708b0b2094e3627,Assets/Art/Kenney/PixelAdventureUI/Tiles/Small tiles/Thin outline/tile_0039.png
Small tiles,Thin outline,40,1,17,16,16,"(0, 0, 16, 16)",51d713ae303e8316d748eb4555407e4b0115692546e92a87b3f8420b8c7f3b51,Assets/Art/Kenney/PixelAdventureUI/Tiles/Small tiles/Thin outline/tile_0040.png
Small tiles,Thin outline,41,1,18,16,16,"(0, 0, 16, 16)",b1b2ea8548947066d9f72ceb33818b5198b2ab2b3ac3699e2de75ca193209811,Assets/Art/Kenney/PixelAdventureUI/Tiles/Small tiles/Thin outline/tile_0041.png
Small tiles,Thin outline,42,1,19,16,16,"(0, 0, 16, 16)",fc626c3840de758995f6ed970c7f552e466abef3f88dfe1a115a5c9d37c6c273,Assets/Art/Kenney/PixelAdventureUI/Tiles/Small tiles/Thin outline/tile_0042.png
Small tiles,Thin outline,43,1,20,16,16,None,7055b76c0befa453a4d10e8e0be54f47b4d29e99fe8b72084ceb14b7e29ae51c,Assets/Art/Kenney/PixelAdventureUI/Tiles/Small tiles/Thin outline/tile_0043.png
Small tiles,Thin outline,44,1,21,16,16,None,7055b76c0befa453a4d10e8e0be54f47b4d29e99fe8b72084ceb14b7e29ae51c,Assets/Art/Kenney/PixelAdventureUI/Tiles/Small tiles/Thin outline/tile_0044.png
Small tiles,Thin outline,45,1,22,16,16,None,7055b76c0befa453a4d10e8e0be54f47b4d29e99fe8b72084ceb14b7e29ae51c,Assets/Art/Kenney/PixelAdventureUI/Tiles/Small tiles/Thin outline/tile_0045.png
Small tiles,Thin outline,46,2,0,16,16,"(2, 2, 14, 14)",f5b4aed5bab42bafeb85885fe60f62abcc8e4616cb56ea519f94a90cd326dc94,Assets/Art/Kenney/PixelAdventureUI/Tiles/Small tiles/Thin outline/tile_0046.png
Small tiles,Thin outline,47,2,1,16,16,"(2, 2, 14, 14)",1e6aa39d7f78a720777cbd82ac74bf8acf17a457668ae69ffc1b06c5d0a83734,Assets/Art/Kenney/PixelAdventureUI/Tiles/Small tiles/Thin outline/tile_0047.png
Small tiles,Thin outline,48,2,2,16,16,"(2, 2, 14, 14)",41437246b048072b42dee4dca159c5a5ded9d7a9c512d7450ad854b8718b4561,Assets/Art/Kenney/PixelAdventureUI/Tiles/Small tiles/Thin outline/tile_0048.png
Small tiles,Thin outline,49,2,3,16,16,"(0, 3, 16, 13)",e8041ec84a91079026bbc3b9b4ed6ce71b09a9b8bc748e22148a2153f0af5050,Assets/Art/Kenney/PixelAdventureUI/Tiles/Small tiles/Thin outline/tile_0049.png
Small tiles,Thin outline,50,2,4,16,16,"(0, 3, 16, 13)",38744a487781285c29ab6f75046fc52a2982d9f0d61eb576d5af13a532efd63d,Assets/Art/Kenney/PixelAdventureUI/Tiles/Small tiles/Thin outline/tile_0050.png
Small tiles,Thin outline,51,2,5,16,16,"(0, 0, 16, 16)",4a68b2b1b996bf27e6325e55edf5f559b67fe487b74ad01b5119477d10d744fb,Assets/Art/Kenney/PixelAdventureUI/Tiles/Small tiles/Thin outline/tile_0051.png
Small tiles,Thin outline,52,2,6,16,16,"(0, 0, 16, 16)",6c690bd84c6cd95b7f94f53dfd0bf3067e94e526a28658cf7747d0ee4f5cdeb9,Assets/Art/Kenney/PixelAdventureUI/Tiles/Small tiles/Thin outline/tile_0052.png
Small tiles,Thin outline,53,2,7,16,16,"(5, 5, 11, 11)",66d69a27bf2d4eddfc13268cc9e13a7131e3596fa7c132576f6c8cb7d296069b,Assets/Art/Kenney/PixelAdventureUI/Tiles/Small tiles/Thin outline/tile_0053.png
Small tiles,Thin outline,54,2,8,16,16,"(6, 3, 10, 13)",141056be539cbc5cda9ff97c664c214972e8cbdeb30a086ea208e8723b347fba,Assets/Art/Kenney/PixelAdventureUI/Tiles/Small tiles/Thin outline/tile_0054.png
Small tiles,Thin outline,55,2,9,16,16,"(4, 4, 12, 12)",77e4fd802662c42788159fa0ff1680062ddf1070ded1a89d6b3cbefccb7e1cc5,Assets/Art/Kenney/PixelAdventureUI/Tiles/Small tiles/Thin outline/tile_0055.png
Small tiles,Thin outline,56,2,10,16,16,"(0, 0, 16, 16)",05c248cc126c495b99c36aa6be011ccd5589f2353e66d277bc003a0bd89323aa,Assets/Art/Kenney/PixelAdventureUI/Tiles/Small tiles/Thin outline/tile_0056.png
Small tiles,Thin outline,57,2,11,16,16,"(0, 0, 16, 16)",e313b2a18bf35014716a8494c9466294dbb6a4167512160f873ff279c40432fb,Assets/Art/Kenney/PixelAdventureUI/Tiles/Small tiles/Thin outline/tile_0057.png
Small tiles,Thin outline,58,2,12,16,16,"(0, 0, 16, 16)",9f61051d2d90516f62daa6435e9c4a929888b13ef5b940860edfbed51494f6b9,Assets/Art/Kenney/PixelAdventureUI/Tiles/Small tiles/Thin outline/tile_0058.png
Small tiles,Thin outline,59,2,13,16,16,"(0, 0, 16, 16)",f1364024e963bccb67835581f3e2605fc88a44b9dd2746f8cc1d9e56e5ed2c66,Assets/Art/Kenney/PixelAdventureUI/Tiles/Small tiles/Thin outline/tile_0059.png
Small tiles,Thin outline,60,2,14,16,16,"(0, 0, 16, 16)",2b74a916d0a54aaeb8a6e5521f4bf3cfd7c34ae935553525e0263c28dfe74814,Assets/Art/Kenney/PixelAdventureUI/Tiles/Small tiles/Thin outline/tile_0060.png
Small tiles,Thin outline,61,2,15,16,16,"(0, 0, 16, 16)",5a087232f117c59dde04e60390f1bc9904b7b61215b432ab677980dd865b1cce,Assets/Art/Kenney/PixelAdventureUI/Tiles/Small tiles/Thin outline/tile_0061.png
Small tiles,Thin outline,62,2,16,16,16,"(0, 0, 16, 16)",a9787672ae01b41eee088a9e69050d0886cf5846e4bc2061d79cdaea5cfb5235,Assets/Art/Kenney/PixelAdventureUI/Tiles/Small tiles/Thin outline/tile_0062.png
Small tiles,Thin outline,63,2,17,16,16,"(0, 0, 16, 16)",8ec27a64bc81cb822ee9320d002e8864618a0fbe11b22687e2ff2c6d5648da59,Assets/Art/Kenney/PixelAdventureUI/Tiles/Small tiles/Thin outline/tile_0063.png
Small tiles,Thin outline,64,2,18,16,16,"(0, 0, 16, 16)",affa5d80bc8ccfa60517f80d1afe0c1b4b2b4eb91b26af0492826659bb31f549,Assets/Art/Kenney/PixelAdventureUI/Tiles/Small tiles/Thin outline/tile_0064.png
Small tiles,Thin outline,65,2,19,16,16,"(0, 0, 16, 16)",d913bb6b008849be4307fb284b25b2548517cc14d7c5ecd61d08ab6110d4d9fb,Assets/Art/Kenney/PixelAdventureUI/Tiles/Small tiles/Thin outline/tile_0065.png
Small tiles,Thin outline,66,2,20,16,16,None,7055b76c0befa453a4d10e8e0be54f47b4d29e99fe8b72084ceb14b7e29ae51c,Assets/Art/Kenney/PixelAdventureUI/Tiles/Small tiles/Thin outline/tile_0066.png
Small tiles,Thin outline,67,2,21,16,16,None,7055b76c0befa453a4d10e8e0be54f47b4d29e99fe8b72084ceb14b7e29ae51c,Assets/Art/Kenney/PixelAdventureUI/Tiles/Small tiles/Thin outline/tile_0067.png
Small tiles,Thin outline,68,2,22,16,16,None,7055b76c0befa453a4d10e8e0be54f47b4d29e99fe8b72084ceb14b7e29ae51c,Assets/Art/Kenney/PixelAdventureUI/Tiles/Small tiles/Thin outline/tile_0068.png
Small tiles,Thin outline,69,3,0,16,16,"(3, 3, 13, 13)",af8dd643503f819bc5f789af91e3e45a8795636f45da9b64439143a9dc1211eb,Assets/Art/Kenney/PixelAdventureUI/Tiles/Small tiles/Thin outline/tile_0069.png
Small tiles,Thin outline,70,3,1,16,16,"(3, 3, 13, 13)",7be75b9c9c754ccc19a6be82eaf78e3fcd2f722ddd09e7e10c031d15ac50aded,Assets/Art/Kenney/PixelAdventureUI/Tiles/Small tiles/Thin outline/tile_0070.png
Small tiles,Thin outline,71,3,2,16,16,"(4, 4, 12, 12)",ea4c96182cf7b33d87688079523d7ef61b5c4fceba03e919b4186bcb5931979d,Assets/Art/Kenney/PixelAdventureUI/Tiles/Small tiles/Thin outline/tile_0071.png
Small tiles,Thin outline,72,3,3,16,16,"(3, 3, 13, 13)",a203e945feba4da01cddd2b462830bf1fb80b470abb6403614cee94ab2c2fb11,Assets/Art/Kenney/PixelAdventureUI/Tiles/Small tiles/Thin outline/tile_0072.png
Small tiles,Thin outline,73,3,4,16,16,"(4, 4, 12, 12)",e93adac8cfe815c6dc5c3c5e96e56c7119ac931a2fd5dfd66f1c9dfee323a92a,Assets/Art/Kenney/PixelAdventureUI/Tiles/Small tiles/Thin outline/tile_0073.png
Small tiles,Thin outline,74,3,5,16,16,"(3, 3, 13, 13)",9c65d00a1f7cbee211f2e6403b729a4954271e902befd020abe7e538cce28ae0,Assets/Art/Kenney/PixelAdventureUI/Tiles/Small tiles/Thin outline/tile_0074.png
Small tiles,Thin outline,75,3,6,16,16,"(4, 4, 12, 12)",7c54c52661d947d918bd3cc0121e37c82234655fb9f191388298fb12da546693,Assets/Art/Kenney/PixelAdventureUI/Tiles/Small tiles/Thin outline/tile_0075.png
Small tiles,Thin outline,76,3,7,16,16,"(5, 5, 11, 11)",435682f75794e36a612a1a3571b589d36a1beb0d5b6abd7d1062f68771bbca0c,Assets/Art/Kenney/PixelAdventureUI/Tiles/Small tiles/Thin outline/tile_0076.png
Small tiles,Thin outline,77,3,8,16,16,"(6, 3, 10, 13)",94b84a5dc7449d0389f770c72ba4bcf9f8e152288092f207cfc77de7f3c0092a,Assets/Art/Kenney/PixelAdventureUI/Tiles/Small tiles/Thin outline/tile_0077.png
Small tiles,Thin outline,78,3,9,16,16,"(4, 4, 12, 12)",28587d96f10f46034d05bc101cff01a400b6c0c501d005b4942e7962b11c7e26,Assets/Art/Kenney/PixelAdventureUI/Tiles/Small tiles/Thin outline/tile_0078.png
Small tiles,Thin outline,79,3,10,16,16,"(0, 0, 16, 16)",a9184132d016c86f2f8c1c27dc14739e837a429403fa2161fdbb89bde7517ebc,Assets/Art/Kenney/PixelAdventureUI/Tiles/Small tiles/Thin outline/tile_0079.png
Small tiles,Thin outline,80,3,11,16,16,"(0, 0, 16, 16)",dab9fe92e80fe84e85f2fb34aab6657d805f4fdf74dd64864e0d28ffc0bf51fe,Assets/Art/Kenney/PixelAdventureUI/Tiles/Small tiles/Thin outline/tile_0080.png
Small tiles,Thin outline,81,3,12,16,16,"(0, 0, 16, 16)",fab7bb982a24f4370177b909ef9340be8d5e15c8db1ad3f9305a6412eeee65df,Assets/Art/Kenney/PixelAdventureUI/Tiles/Small tiles/Thin outline/tile_0081.png
Small tiles,Thin outline,82,3,13,16,16,"(0, 0, 16, 16)",6381fff43adbb98f5364552fbf56ff01155d30feff1022fb34f718ad5971c341,Assets/Art/Kenney/PixelAdventureUI/Tiles/Small tiles/Thin outline/tile_0082.png
Small tiles,Thin outline,83,3,14,16,16,"(0, 0, 16, 15)",61ed0b4629598a28c643e9e97f75e2dae055e698115d13fb9e9708d48eab36fc,Assets/Art/Kenney/PixelAdventureUI/Tiles/Small tiles/Thin outline/tile_0083.png
Small tiles,Thin outline,84,3,15,16,16,"(0, 4, 16, 16)",cc4eccfac257f587c771f4687845a97779d4aaab3aa14503ba8c8ec0211a06a0,Assets/Art/Kenney/PixelAdventureUI/Tiles/Small tiles/Thin outline/tile_0084.png
Small tiles,Thin outline,85,3,16,16,16,"(0, 0, 16, 15)",0a85985ac4664d5c15b8e515c194c95f06d860715f2301230585eac50e1edc34,Assets/Art/Kenney/PixelAdventureUI/Tiles/Small tiles/Thin outline/tile_0085.png
Small tiles,Thin outline,86,3,17,16,16,"(0, 0, 16, 16)",7bdc8d7f872e614336212940a98e5a0eacbc3362c93cdee312595bfb3844e91d,Assets/Art/Kenney/PixelAdventureUI/Tiles/Small tiles/Thin outline/tile_0086.png
Small tiles,Thin outline,87,3,18,16,16,"(0, 0, 16, 16)",3273ed69fd076be1853760813bc01fdc9ec0210026ca6fce2014f49f3689fbca,Assets/Art/Kenney/PixelAdventureUI/Tiles/Small tiles/Thin outline/tile_0087.png
Small tiles,Thin outline,88,3,19,16,16,"(0, 0, 16, 16)",a254d384439aa67089fc9536efd49109f41af6af7549295bdd2e9b17a3b246f1,Assets/Art/Kenney/PixelAdventureUI/Tiles/Small tiles/Thin outline/tile_0088.png
Small tiles,Thin outline,89,3,20,16,16,"(0, 0, 16, 16)",7007b78aceb4ef90ea9d1a67bddd032b5dfd3c921b93ad4c80b218de0d422cd9,Assets/Art/Kenney/PixelAdventureUI/Tiles/Small tiles/Thin outline/tile_0089.png
Small tiles,Thin outline,90,3,21,16,16,"(0, 0, 16, 16)",09b75f18b19fd3cbc05b1867e7f8b1de622c445e17cb58128dffe341946fac21,Assets/Art/Kenney/PixelAdventureUI/Tiles/Small tiles/Thin outline/tile_0090.png
Small tiles,Thin outline,91,3,22,16,16,"(0, 0, 16, 16)",7a2929d9a3c9bdd87103213a3b8a27d61e92dffa922390f55862ed84da6d6081,Assets/Art/Kenney/PixelAdventureUI/Tiles/Small tiles/Thin outline/tile_0091.png
Small tiles,Thin outline,92,4,0,16,16,"(3, 0, 13, 16)",0568c41f63ff238910eef38823f6ef17dad228178922a45de550c802456e7f3f,Assets/Art/Kenney/PixelAdventureUI/Tiles/Small tiles/Thin outline/tile_0092.png
Small tiles,Thin outline,93,4,1,16,16,"(3, 0, 13, 16)",6f431bd21b71f55eb45778733a51b714e9c94ac23af716729b27aba2c881cedd,Assets/Art/Kenney/PixelAdventureUI/Tiles/Small tiles/Thin outline/tile_0093.png
Small tiles,Thin outline,94,4,2,16,16,"(4, 1, 12, 15)",89f65c8499f998e943cca9cef5fb2c691c71c9ce8dd7cfdba2e674ac9e4d543e,Assets/Art/Kenney/PixelAdventureUI/Tiles/Small tiles/Thin outline/tile_0094.png
Small tiles,Thin outline,95,4,3,16,16,"(3, 0, 13, 16)",2b067cdec0b90834aa6e8d28cbcb3e4d8a5751c038b501e97ba759b57ae0b92f,Assets/Art/Kenney/PixelAdventureUI/Tiles/Small tiles/Thin outline/tile_0095.png
Small tiles,Thin outline,96,4,4,16,16,"(4, 1, 12, 15)",6e0865faac795e5a4edb58b93f8b9822b309f57f9f5adc22b11c0d5db9aa63c6,Assets/Art/Kenney/PixelAdventureUI/Tiles/Small tiles/Thin outline/tile_0096.png
Small tiles,Thin outline,97,4,5,16,16,"(3, 0, 13, 16)",8496a42ac107b1127505adc25cfb82b2aaf3026511493fea5c1501a162900834,Assets/Art/Kenney/PixelAdventureUI/Tiles/Small tiles/Thin outline/tile_0097.png
Small tiles,Thin outline,98,4,6,16,16,"(4, 1, 12, 15)",8a4b812c39516896137e675f7b78bfd303283669cc3157e03e91917ba9ac767c,Assets/Art/Kenney/PixelAdventureUI/Tiles/Small tiles/Thin outline/tile_0098.png
Small tiles,Thin outline,99,4,7,16,16,"(5, 5, 11, 11)",4e3e07b79855ae952103c84b1ebf5facca869db1eeb699dc9fd03a7fde6affd1,Assets/Art/Kenney/PixelAdventureUI/Tiles/Small tiles/Thin outline/tile_0099.png
Small tiles,Thin outline,100,4,8,16,16,"(6, 3, 10, 13)",c3e556b8b6bf0ac8aac25696b8aaa9ce03981dec08b910bf0bed2ff3a122deeb,Assets/Art/Kenney/PixelAdventureUI/Tiles/Small tiles/Thin outline/tile_0100.png
Small tiles,Thin outline,101,4,9,16,16,"(4, 4, 12, 12)",aea51084be48b6f0c456625899b8d9bc9e7a078ef37309f277f30654c0b38622,Assets/Art/Kenney/PixelAdventureUI/Tiles/Small tiles/Thin outline/tile_0101.png
Small tiles,Thin outline,102,4,10,16,16,"(0, 0, 16, 16)",e11a32d4cd584eb6c6a7ce05c5e3a278db946966e66be906c5b8bbefbd7ab3a3,Assets/Art/Kenney/PixelAdventureUI/Tiles/Small tiles/Thin outline/tile_0102.png
Small tiles,Thin outline,103,4,11,16,16,"(0, 0, 16, 16)",90ce054d9dfb9db5f0266784ec5d334376f981be342a310c45cd43f7db941fd5,Assets/Art/Kenney/PixelAdventureUI/Tiles/Small tiles/Thin outline/tile_0103.png
Small tiles,Thin outline,104,4,12,16,16,"(0, 0, 16, 16)",ab429334b8560b7fd3d75a7b58d2c5a437f189ae56d343b838322718e612c9d8,Assets/Art/Kenney/PixelAdventureUI/Tiles/Small tiles/Thin outline/tile_0104.png
Small tiles,Thin outline,105,4,13,16,16,"(0, 0, 16, 16)",c66961282c2bda99b40e44d74251b1d8f8a91f2d144b4be91e99fcfb7f812977,Assets/Art/Kenney/PixelAdventureUI/Tiles/Small tiles/Thin outline/tile_0105.png
Small tiles,Thin outline,106,4,14,16,16,"(1, 0, 16, 16)",fb8ec8de05bfc734991585dbd62838f8a98b18e0f3a9369f4a1b7107333ed72d,Assets/Art/Kenney/PixelAdventureUI/Tiles/Small tiles/Thin outline/tile_0106.png
Small tiles,Thin outline,107,4,15,16,16,"(0, 3, 16, 15)",357213794fc90308597248858b48fc3592df2f98bfa7d0b661c3ed29d3f03be1,Assets/Art/Kenney/PixelAdventureUI/Tiles/Small tiles/Thin outline/tile_0107.png
Small tiles,Thin outline,108,4,16,16,16,"(0, 0, 15, 16)",d43be3db8e21b5d7f45837fe7f4593d1a1b57d6db411d2e82b01830b60d9759b,Assets/Art/Kenney/PixelAdventureUI/Tiles/Small tiles/Thin outline/tile_0108.png
Small tiles,Thin outline,109,4,17,16,16,"(0, 0, 16, 16)",34d82426ffde316afa8bb48d89b7d2be88b04be67057452a2457a4681cf5e9ea,Assets/Art/Kenney/PixelAdventureUI/Tiles/Small tiles/Thin outline/tile_0109.png
Small tiles,Thin outline,110,4,18,16,16,"(0, 0, 16, 16)",d219288bc1d3945dc8288a1055f9342494252c01fde23d2411ac21b46639c674,Assets/Art/Kenney/PixelAdventureUI/Tiles/Small tiles/Thin outline/tile_0110.png
Small tiles,Thin outline,111,4,19,16,16,"(0, 0, 16, 16)",8ffaca973fc554c4f0f4f3273da3898f7eaa7dd515f9685f97715d89adca8d41,Assets/Art/Kenney/PixelAdventureUI/Tiles/Small tiles/Thin outline/tile_0111.png
Small tiles,Thin outline,112,4,20,16,16,"(0, 0, 16, 16)",c54f71f125839b4b3f2875b34760829aa3d6a99872246f5c11c3ef532283b9f1,Assets/Art/Kenney/PixelAdventureUI/Tiles/Small tiles/Thin outline/tile_0112.png
Small tiles,Thin outline,113,4,21,16,16,"(0, 0, 16, 16)",b0b667fe170ba9ed1f5e0c0d830038888cf843e515154fa6b64ce8a27825471b,Assets/Art/Kenney/PixelAdventureUI/Tiles/Small tiles/Thin outline/tile_0113.png
Small tiles,Thin outline,114,4,22,16,16,"(0, 0, 16, 16)",84ee2b5b92a81bb682c1a0df2bbc85ddb289de2351cc080032ac2196b58f546c,Assets/Art/Kenney/PixelAdventureUI/Tiles/Small tiles/Thin outline/tile_0114.png
Small tiles,Thin outline,115,5,0,16,16,"(4, 3, 12, 16)",d5bcf9feeea2cbe667802e24d5e26feaf1b3eb194f61bf2cc90483a6f9ac1981,Assets/Art/Kenney/PixelAdventureUI/Tiles/Small tiles/Thin outline/tile_0115.png
Small tiles,Thin outline,116,5,1,16,16,"(4, 3, 12, 13)",9dbc70b94670263d4fd0b0959dfc1d671e3aa16ea140a38eee08797ed7666a75,Assets/Art/Kenney/PixelAdventureUI/Tiles/Small tiles/Thin outline/tile_0116.png
Small tiles,Thin outline,117,5,2,16,16,"(4, 3, 12, 16)",f000ccd9e78c14b7c91746e35fea217865ace7ea5ee4cbb53d2117b9dbab9c94,Assets/Art/Kenney/PixelAdventureUI/Tiles/Small tiles/Thin outline/tile_0117.png
Small tiles,Thin outline,118,5,3,16,16,"(4, 3, 12, 13)",410100528de97ed260b6fc84e3ad414e10238fad7a81371726914f065ca27b5b,Assets/Art/Kenney/PixelAdventureUI/Tiles/Small tiles/Thin outline/tile_0118.png
Small tiles,Thin outline,119,5,4,16,16,"(4, 2, 12, 16)",99231e5f49fe5d82d76b046ea0695c7dba87c131414ddff3abd5db7b461b9f87,Assets/Art/Kenney/PixelAdventureUI/Tiles/Small tiles/Thin outline/tile_0119.png
Small tiles,Thin outline,120,5,5,16,16,"(4, 2, 12, 14)",395581453270ffa8475cd82af83a3190db138da7a2221549d61131d985dad92b,Assets/Art/Kenney/PixelAdventureUI/Tiles/Small tiles/Thin outline/tile_0120.png
Small tiles,Thin outline,121,5,6,16,16,"(4, 2, 12, 16)",2f1292b625ee5b27eea2403275f22e65dd33f20750ea8d404c199f799436341b,Assets/Art/Kenney/PixelAdventureUI/Tiles/Small tiles/Thin outline/tile_0121.png
Small tiles,Thin outline,122,5,7,16,16,"(4, 2, 12, 14)",87de97b08333c04654568ba63e9018aff44837c2299ccee47d1f743b26affe59,Assets/Art/Kenney/PixelAdventureUI/Tiles/Small tiles/Thin outline/tile_0122.png
Small tiles,Thin outline,123,5,8,16,16,"(4, 4, 12, 12)",c13fad2b55132c02d86fb21345c6f2ad784fa65e1ab9b462d4ae0e85954d0f93,Assets/Art/Kenney/PixelAdventureUI/Tiles/Small tiles/Thin outline/tile_0123.png
Small tiles,Thin outline,124,5,9,16,16,"(4, 4, 12, 12)",9a432cc809dd3fbd54b570a2b8cbaea893c8f1fc9f1a1dbd56666424847886dc,Assets/Art/Kenney/PixelAdventureUI/Tiles/Small tiles/Thin outline/tile_0124.png
Small tiles,Thin outline,125,5,10,16,16,"(0, 0, 16, 16)",cbac8cc16cd30fe2dd2cbe1491efc68e8cea406d1353695d95802592e0e31f64,Assets/Art/Kenney/PixelAdventureUI/Tiles/Small tiles/Thin outline/tile_0125.png
Small tiles,Thin outline,126,5,11,16,16,"(0, 0, 16, 16)",3a6fd59f4c8ca83ed0aab8e495c5b761665085553454a91d05c31ec06b273537,Assets/Art/Kenney/PixelAdventureUI/Tiles/Small tiles/Thin outline/tile_0126.png
Small tiles,Thin outline,127,5,12,16,16,"(0, 0, 16, 16)",35daacce6ca6de5e6dbfd051a2626acb96d73fa50a23c2d0c64c8b20667f21e5,Assets/Art/Kenney/PixelAdventureUI/Tiles/Small tiles/Thin outline/tile_0127.png
Small tiles,Thin outline,128,5,13,16,16,"(0, 0, 16, 16)",2f52b5b036a548f6b35fb4283d70161a6256bc2113e4a3b4ef83746c15b231b9,Assets/Art/Kenney/PixelAdventureUI/Tiles/Small tiles/Thin outline/tile_0128.png
Small tiles,Thin outline,129,5,14,16,16,"(1, 1, 16, 15)",6dc72e7aaff47f535331385593c648d163467f86e38a907a45cd52acf7a986ea,Assets/Art/Kenney/PixelAdventureUI/Tiles/Small tiles/Thin outline/tile_0129.png
Small tiles,Thin outline,130,5,15,16,16,"(0, 0, 16, 16)",caacc627ed5f4dd6e1e433869e7a96befcf6734c8845afc9f68d3f8d79db4bdc,Assets/Art/Kenney/PixelAdventureUI/Tiles/Small tiles/Thin outline/tile_0130.png
Small tiles,Thin outline,131,5,16,16,16,"(0, 1, 15, 15)",82e92ecd2ff23be046745dfb7affff929174ce3214df9f2caaca1a8bbda6aa53,Assets/Art/Kenney/PixelAdventureUI/Tiles/Small tiles/Thin outline/tile_0131.png
Small tiles,Thin outline,132,5,17,16,16,"(0, 0, 16, 16)",a28b3db4c5ddd5f8ea5a9e1fc7cf6dca5003194aed0a29c60ff12a85529c3681,Assets/Art/Kenney/PixelAdventureUI/Tiles/Small tiles/Thin outline/tile_0132.png
Small tiles,Thin outline,133,5,18,16,16,"(0, 0, 16, 16)",a88d518cdea409cb457d50eb184dc30aa1576bc2406e35e5361fdcb68e7cbc7f,Assets/Art/Kenney/PixelAdventureUI/Tiles/Small tiles/Thin outline/tile_0133.png
Small tiles,Thin outline,134,5,19,16,16,"(0, 0, 16, 16)",e3f37c3f9e2dab9a361f820133af80a917673f261a5f59728872b5711c143d9b,Assets/Art/Kenney/PixelAdventureUI/Tiles/Small tiles/Thin outline/tile_0134.png
Small tiles,Thin outline,135,5,20,16,16,"(0, 0, 16, 16)",9230ebe40aba800086d320f5ca02ace87b40a602641c4d2e689257b20b06078b,Assets/Art/Kenney/PixelAdventureUI/Tiles/Small tiles/Thin outline/tile_0135.png
Small tiles,Thin outline,136,5,21,16,16,"(0, 0, 16, 16)",58708e5d8a596f2d52fd6bb3af8f74b06bc17614b967b9b1ee471dbadb3c0374,Assets/Art/Kenney/PixelAdventureUI/Tiles/Small tiles/Thin outline/tile_0136.png
Small tiles,Thin outline,137,5,22,16,16,"(0, 0, 16, 16)",410f94975e71178232a94af85767236a1e05b29a0b1c043af0bad0ae3975833c,Assets/Art/Kenney/PixelAdventureUI/Tiles/Small tiles/Thin outline/tile_0137.png
Small tiles,Thin outline,138,6,0,16,16,"(4, 0, 12, 16)",aa219974bdfd8eae405e3b588f1be0fd9eda660cdfb9dbc2cf55d93d54fc752e,Assets/Art/Kenney/PixelAdventureUI/Tiles/Small tiles/Thin outline/tile_0138.png
Small tiles,Thin outline,139,6,1,16,16,"(4, 0, 12, 13)",56a45ef835daad37a3252667d3fc9b817b8a65e9d7a560c471ad9b13315129d1,Assets/Art/Kenney/PixelAdventureUI/Tiles/Small tiles/Thin outline/tile_0139.png
Small tiles,Thin outline,140,6,2,16,16,"(4, 0, 12, 16)",b68e18cc5a93f06c8cf5581f5e06a435d8961d61d44ff371ffa71d73af1cbd4d,Assets/Art/Kenney/PixelAdventureUI/Tiles/Small tiles/Thin outline/tile_0140.png
Small tiles,Thin outline,141,6,3,16,16,"(4, 0, 12, 13)",d7908aad747e2f48b850e3ba9140ea4e99df291ad518fca2333ac928d62e34d8,Assets/Art/Kenney/PixelAdventureUI/Tiles/Small tiles/Thin outline/tile_0141.png
Small tiles,Thin outline,142,6,4,16,16,"(4, 0, 12, 16)",b68e18cc5a93f06c8cf5581f5e06a435d8961d61d44ff371ffa71d73af1cbd4d,Assets/Art/Kenney/PixelAdventureUI/Tiles/Small tiles/Thin outline/tile_0142.png
Small tiles,Thin outline,143,6,5,16,16,"(4, 0, 12, 14)",13865d153f442f16e3e256d242858e98576e0a00b4c7d1357ae98ce9e137436b,Assets/Art/Kenney/PixelAdventureUI/Tiles/Small tiles/Thin outline/tile_0143.png
Small tiles,Thin outline,144,6,6,16,16,"(4, 0, 12, 16)",ac59c2bbd0c80f7b15d3373de05cf725392b4a56b966857a770a4bd08dbbdafc,Assets/Art/Kenney/PixelAdventureUI/Tiles/Small tiles/Thin outline/tile_0144.png
Small tiles,Thin outline,145,6,7,16,16,"(4, 0, 12, 14)",e08b6342f7b015959ce1843bdef8fe9e7898a91204824a971aa62928b00bcc61,Assets/Art/Kenney/PixelAdventureUI/Tiles/Small tiles/Thin outline/tile_0145.png
Small tiles,Thin outline,146,6,8,16,16,"(4, 4, 12, 12)",0206137b0daa03fbe28d18d17ad9a63b9a8ef82f7d5ea814a82c71610734fcb8,Assets/Art/Kenney/PixelAdventureUI/Tiles/Small tiles/Thin outline/tile_0146.png
Small tiles,Thin outline,147,6,9,16,16,"(3, 4, 13, 12)",94e57854fdd1ddcbcf647c15bdf3e64b8c4986f61b377834ad9325c80d719a6e,Assets/Art/Kenney/PixelAdventureUI/Tiles/Small tiles/Thin outline/tile_0147.png
Small tiles,Thin outline,148,6,10,16,16,"(0, 0, 16, 16)",529eda9e306c901af792137bc038a75636dcba53d992c15c225b6974eae3d8ce,Assets/Art/Kenney/PixelAdventureUI/Tiles/Small tiles/Thin outline/tile_0148.png
Small tiles,Thin outline,149,6,11,16,16,"(0, 0, 16, 16)",d65f02901aaef7c2b7d9e8ae5d4b342cb762a0d6d1248f796b71f97f3018e571,Assets/Art/Kenney/PixelAdventureUI/Tiles/Small tiles/Thin outline/tile_0149.png
Small tiles,Thin outline,150,6,12,16,16,"(0, 0, 16, 16)",36cf33f4912f8a34f66be5b6cf01942ece5ffa531879be903bab871a43f4dde4,Assets/Art/Kenney/PixelAdventureUI/Tiles/Small tiles/Thin outline/tile_0150.png
Small tiles,Thin outline,151,6,13,16,16,"(0, 0, 16, 16)",505f28255e7126f73e05164400d0bc7c6876985707566de022b0190b9a710088,Assets/Art/Kenney/PixelAdventureUI/Tiles/Small tiles/Thin outline/tile_0151.png
Small tiles,Thin outline,152,6,14,16,16,"(1, 1, 16, 15)",cc3cb64320c36421eb99772da02ac6cfe333e7505cbf8566766914efcf377094,Assets/Art/Kenney/PixelAdventureUI/Tiles/Small tiles/Thin outline/tile_0152.png
Small tiles,Thin outline,153,6,15,16,16,"(0, 1, 16, 15)",b24704e416699cc9c0f61c03659cb368135e191a1db86b50951b34eac9844c6d,Assets/Art/Kenney/PixelAdventureUI/Tiles/Small tiles/Thin outline/tile_0153.png
Small tiles,Thin outline,154,6,16,16,16,"(0, 1, 15, 15)",708b143f78af531b7c8f4b1a2e4d18a23c0d87f0141a103ce375f806d3213d32,Assets/Art/Kenney/PixelAdventureUI/Tiles/Small tiles/Thin outline/tile_0154.png
Small tiles,Thin outline,155,6,17,16,16,"(0, 0, 16, 16)",60e9ebe7279914caa41d3609a404c7c1f1260a49e1fecf7cd057d708e823cd15,Assets/Art/Kenney/PixelAdventureUI/Tiles/Small tiles/Thin outline/tile_0155.png
Small tiles,Thin outline,156,6,18,16,16,"(0, 0, 16, 16)",e7635a8ddf7810eab23c31df8395397ee7d30c97c5a4d82cb9793ef331412921,Assets/Art/Kenney/PixelAdventureUI/Tiles/Small tiles/Thin outline/tile_0156.png
Small tiles,Thin outline,157,6,19,16,16,"(0, 0, 16, 16)",791d2ba09c01abecf0f84ef15cd8f202cd649204b2a873f2b87963bcc2164ac4,Assets/Art/Kenney/PixelAdventureUI/Tiles/Small tiles/Thin outline/tile_0157.png
Small tiles,Thin outline,158,6,20,16,16,"(0, 0, 16, 16)",9c7ffa554a9b7197da06f427e76f6dceb2e29fb37cf30683ef07e66f0aec6c46,Assets/Art/Kenney/PixelAdventureUI/Tiles/Small tiles/Thin outline/tile_0158.png
Small tiles,Thin outline,159,6,21,16,16,"(0, 0, 16, 16)",8670cec98b20d3aa1178391469a72c7e9a3097970b1887a74928927d051315cf,Assets/Art/Kenney/PixelAdventureUI/Tiles/Small tiles/Thin outline/tile_0159.png
Small tiles,Thin outline,160,6,22,16,16,"(0, 0, 16, 16)",783aa05027a4e817367ac58a02b95c4823d6eb0a1fafa26f70ac0289a792aa13,Assets/Art/Kenney/PixelAdventureUI/Tiles/Small tiles/Thin outline/tile_0160.png
